NPROCS,TOTAL_BYTES_READ,TOTAL_BYTES_WRITTEN,TOTAL_MPIIO_COLL_OPENS,TOTAL_MPIIO_COLL_READS,TOTAL_MPIIO_COLL_WRITES,TOTAL_MPIIO_HINTS,TOTAL_MPIIO_INDEP_OPENS,TOTAL_MPIIO_INDEP_READS,TOTAL_MPIIO_INDEP_WRITES,TOTAL_MPIIO_NB_READS,TOTAL_MPIIO_NB_WRITES,TOTAL_MPIIO_SIZE_READ_AGG_0_100,TOTAL_MPIIO_SIZE_READ_AGG_100K_1M,TOTAL_MPIIO_SIZE_READ_AGG_100M_1G,TOTAL_MPIIO_SIZE_READ_AGG_100_1K,TOTAL_MPIIO_SIZE_READ_AGG_10K_100K,TOTAL_MPIIO_SIZE_READ_AGG_10M_100M,TOTAL_MPIIO_SIZE_READ_AGG_1G_PLUS,TOTAL_MPIIO_SIZE_READ_AGG_1K_10K,TOTAL_MPIIO_SIZE_READ_AGG_1M_4M,TOTAL_MPIIO_SIZE_READ_AGG_4M_10M,TOTAL_MPIIO_SIZE_WRITE_AGG_0_100,TOTAL_MPIIO_SIZE_WRITE_AGG_100K_1M,TOTAL_MPIIO_SIZE_WRITE_AGG_100M_1G,TOTAL_MPIIO_SIZE_WRITE_AGG_100_1K,TOTAL_MPIIO_SIZE_WRITE_AGG_10K_100K,TOTAL_MPIIO_SIZE_WRITE_AGG_10M_100M,TOTAL_MPIIO_SIZE_WRITE_AGG_1G_PLUS,TOTAL_MPIIO_SIZE_WRITE_AGG_1K_10K,TOTAL_MPIIO_SIZE_WRITE_AGG_1M_4M,TOTAL_MPIIO_SIZE_WRITE_AGG_4M_10M,TOTAL_MPIIO_SPLIT_READS,TOTAL_MPIIO_SPLIT_WRITES,TOTAL_MPIIO_SYNCS,TOTAL_MPIIO_VIEWS,TOTAL_POSIX_CONSEC_READS,TOTAL_POSIX_CONSEC_WRITES,TOTAL_POSIX_FDSYNCS,TOTAL_POSIX_FILE_ALIGNMENT,TOTAL_POSIX_FILE_NOT_ALIGNED,TOTAL_POSIX_FSYNCS,TOTAL_POSIX_MAX_BYTE_READ,TOTAL_POSIX_MAX_BYTE_WRITTEN,TOTAL_POSIX_MEM_ALIGNMENT,TOTAL_POSIX_MEM_NOT_ALIGNED,TOTAL_POSIX_MMAPS,TOTAL_POSIX_MODE,TOTAL_POSIX_OPENS,TOTAL_POSIX_READS,TOTAL_POSIX_RW_SWITCHES,TOTAL_POSIX_SEEKS,TOTAL_POSIX_SEQ_READS,TOTAL_POSIX_SEQ_WRITES,TOTAL_POSIX_SIZE_READ_0_100,TOTAL_POSIX_SIZE_READ_100K_1M,TOTAL_POSIX_SIZE_READ_100M_1G,TOTAL_POSIX_SIZE_READ_100_1K,TOTAL_POSIX_SIZE_READ_10K_100K,TOTAL_POSIX_SIZE_READ_10M_100M,TOTAL_POSIX_SIZE_READ_1G_PLUS,TOTAL_POSIX_SIZE_READ_1K_10K,TOTAL_POSIX_SIZE_READ_1M_4M,TOTAL_POSIX_SIZE_READ_4M_10M,TOTAL_POSIX_SIZE_WRITE_0_100,TOTAL_POSIX_SIZE_WRITE_100K_1M,TOTAL_POSIX_SIZE_WRITE_100M_1G,TOTAL_POSIX_SIZE_WRITE_100_1K,TOTAL_POSIX_SIZE_WRITE_10K_100K,TOTAL_POSIX_SIZE_WRITE_10M_100M,TOTAL_POSIX_SIZE_WRITE_1G_PLUS,TOTAL_POSIX_SIZE_WRITE_1K_10K,TOTAL_POSIX_SIZE_WRITE_1M_4M,TOTAL_POSIX_SIZE_WRITE_4M_10M,TOTAL_POSIX_STATS,TOTAL_POSIX_WRITES,TOTAL_STDIO_OPENS,TOTAL_STDIO_READS,TOTAL_STDIO_SEEKS,TOTAL_STDIO_WRITES,TOTAL_IO,TOTAL_IO_PER_PROC,TOTAL_READ_OPS,TOTAL_WRITE_OPS,TOTAL_IO_OPS,TOTAL_SIZE_IO_0_100,TOTAL_SIZE_IO_100_1K,TOTAL_SIZE_IO_1K_10K,TOTAL_SIZE_IO_10K_100K,TOTAL_SIZE_IO_100K_1M,TOTAL_SIZE_IO_0_1M,TOTAL_SIZE_IO_1M_4M,TOTAL_SIZE_IO_4M_10M,TOTAL_SIZE_IO_10M_100M,TOTAL_SIZE_IO_1M_100M,TOTAL_SIZE_IO_100M_1G,TOTAL_SIZE_IO_1G_PLUS,TOTAL_SIZE_IO_100M_PLUS,TOTAL_MD_OPS,INTERFACE
40,0.0,4026531840.0,0,0,0,0,0,0,0,0,0,0,0,0,0,0,0,0,0,0,0,0,0,0,0,0,0,0,0,0,0,0,0,0,0,0.0,3932160.0,0,262144,0,0,1024,1024,64,0,0,438,40,0.0,0,0.0,0.0,3932160.0,0,0,0,0,0,0.0,0,0.0,0.0,0,0,0,0,0,0,0.0,0,3932160.0,0.0,0,0,3932160.0,0,0,0,0,3840.0,96.0,0.0,3932160.0,3932160.0,0.0,0.0,1.0,0.0,0.0,1.0,0.0,0.0,0.0,0.0,0.0,0.0,0.0,3932200.0,1
40,0.0,4026531840.0,0,0,0,0,0,0,0,0,0,0,0,0,0,0,0,0,0,0,0,0,0,0,0,0,0,0,0,0,0,0,0,0,0,0.0,0.0,0,262144,0,0,1024,1024,64,0,0,438,40,0.0,0,3932160.0,0.0,2752512.0,0,0,0,0,0,0.0,0,0.0,0.0,0,0,0,0,0,0,0.0,0,3932160.0,0.0,0,0,3932160.0,0,0,0,0,3840.0,96.0,0.0,3932160.0,3932160.0,0.0,0.0,1.0,0.0,0.0,1.0,0.0,0.0,0.0,0.0,0.0,0.0,0.0,7864360.0,1
40,2013265920.0,2013265920.0,0,0,0,0,0,0,0,0,0,0,0,0,0,0,0,0,0,0,0,0,0,0,0,0,0,0,0,0,0,0,0,0,0,1966080.0,1966080.0,0,262144,0,0,1024,1024,64,0,0,438,40,1966080.0,0,0.0,1966080.0,1966080.0,0,0,0,0,0,0.0,0,1966080.0,0.0,0,0,0,0,0,0,0.0,0,1966080.0,0.0,0,0,1966080.0,0,0,0,0,3840.0,96.0,1966080.0,1966080.0,3932160.0,0.0,0.0,1.0,0.0,0.0,1.0,0.0,0.0,0.0,0.0,0.0,0.0,0.0,3932200.0,1
40,2013265920.0,2013265920.0,0,0,0,0,0,0,0,0,0,0,0,0,0,0,0,0,0,0,0,0,0,0,0,0,0,0,0,0,0,0,0,0,0,0.0,0.0,0,262144,0,0,1024,1024,64,0,0,438,40,1966080.0,0,3932160.0,1179648.0,1376256.0,0,0,0,0,0,0.0,0,1966080.0,0.0,0,0,0,0,0,0,0.0,0,1966080.0,0.0,0,0,1966080.0,0,0,0,0,3840.0,96.0,1966080.0,1966080.0,3932160.0,0.0,0.0,1.0,0.0,0.0,1.0,0.0,0.0,0.0,0.0,0.0,0.0,0.0,7864360.0,1
40,4026531840.0,0.0,0,0,0,0,0,0,0,0,0,0,0,0,0,0,0,0,0,0,0,0,0,0,0,0,0,0,0,0,0,0,0,0,0,3932160.0,0.0,0,262144,0,0,1024,1024,64,0,0,438,40,3932160.0,0,0.0,3932160.0,0.0,0,0,0,0,0,0.0,0,3932160.0,0.0,0,0,0,0,0,0,0.0,0,0.0,0.0,0,0,0.0,0,0,0,0,3840.0,96.0,3932160.0,0.0,3932160.0,0.0,0.0,1.0,0.0,0.0,1.0,0.0,0.0,0.0,0.0,0.0,0.0,0.0,3932200.0,1
40,4026531840.0,0.0,0,0,0,0,0,0,0,0,0,0,0,0,0,0,0,0,0,0,0,0,0,0,0,0,0,0,0,0,0,0,0,0,0,0.0,0.0,0,262144,0,0,1024,1024,64,0,0,438,40,3932160.0,0,3932160.0,2359296.0,0.0,0,0,0,0,0,0.0,0,3932160.0,0.0,0,0,0,0,0,0,0.0,0,0.0,0.0,0,0,0.0,0,0,0,0,3840.0,96.0,3932160.0,0.0,3932160.0,0.0,0.0,1.0,0.0,0.0,1.0,0.0,0.0,0.0,0.0,0.0,0.0,0.0,7864360.0,1
40,0.0,10737418240.0,0,0,0,0,0,0,0,0,0,0,0,0,0,0,0,0,0,0,0,0,0,0,0,0,0,0,0,0,0,0,0,0,0,0.0,10485760.0,0,262144,0,0,1024,1024,64,0,0,438,40,0.0,0,0.0,0.0,10485760.0,0,0,0,0,0,0.0,0,0.0,0.0,0,0,0,0,0,0,0.0,0,10485760.0,0.0,0,0,10485760.0,0,0,0,0,10240.0,256.0,0.0,10485760.0,10485760.0,0.0,0.0,1.0,0.0,0.0,1.0,0.0,0.0,0.0,0.0,0.0,0.0,0.0,10485800.0,1
40,0.0,10737418240.0,0,0,0,0,0,0,0,0,0,0,0,0,0,0,0,0,0,0,0,0,0,0,0,0,0,0,0,0,0,0,0,0,0,0.0,0.0,0,262144,0,0,1024,1024,64,0,0,438,40,0.0,0,10485760.0,0.0,7340032.0,0,0,0,0,0,0.0,0,0.0,0.0,0,0,0,0,0,0,0.0,0,10485760.0,0.0,0,0,10485760.0,0,0,0,0,10240.0,256.0,0.0,10485760.0,10485760.0,0.0,0.0,1.0,0.0,0.0,1.0,0.0,0.0,0.0,0.0,0.0,0.0,0.0,20971560.0,1
40,5368709120.0,5368709120.0,0,0,0,0,0,0,0,0,0,0,0,0,0,0,0,0,0,0,0,0,0,0,0,0,0,0,0,0,0,0,0,0,0,5242880.0,5242880.0,0,262144,0,0,1024,1024,64,0,0,438,40,5242880.0,0,0.0,5242880.0,5242880.0,0,0,0,0,0,0.0,0,5242880.0,0.0,0,0,0,0,0,0,0.0,0,5242880.0,0.0,0,0,5242880.0,0,0,0,0,10240.0,256.0,5242880.0,5242880.0,10485760.0,0.0,0.0,1.0,0.0,0.0,1.0,0.0,0.0,0.0,0.0,0.0,0.0,0.0,10485800.0,1
40,5368709120.0,5368709120.0,0,0,0,0,0,0,0,0,0,0,0,0,0,0,0,0,0,0,0,0,0,0,0,0,0,0,0,0,0,0,0,0,0,0.0,0.0,0,262144,0,0,1024,1024,64,0,0,438,40,5242880.0,0,10485760.0,3145728.0,3670016.0,0,0,0,0,0,0.0,0,5242880.0,0.0,0,0,0,0,0,0,0.0,0,5242880.0,0.0,0,0,5242880.0,0,0,0,0,10240.0,256.0,5242880.0,5242880.0,10485760.0,0.0,0.0,1.0,0.0,0.0,1.0,0.0,0.0,0.0,0.0,0.0,0.0,0.0,20971560.0,1
40,10737418240.0,0.0,0,0,0,0,0,0,0,0,0,0,0,0,0,0,0,0,0,0,0,0,0,0,0,0,0,0,0,0,0,0,0,0,0,10485760.0,0.0,0,262144,0,0,1024,1024,64,0,0,438,40,10485760.0,0,0.0,10485760.0,0.0,0,0,0,0,0,0.0,0,10485760.0,0.0,0,0,0,0,0,0,0.0,0,0.0,0.0,0,0,0.0,0,0,0,0,10240.0,256.0,10485760.0,0.0,10485760.0,0.0,0.0,1.0,0.0,0.0,1.0,0.0,0.0,0.0,0.0,0.0,0.0,0.0,10485800.0,1
40,10737418240.0,0.0,0,0,0,0,0,0,0,0,0,0,0,0,0,0,0,0,0,0,0,0,0,0,0,0,0,0,0,0,0,0,0,0,0,0.0,0.0,0,262144,0,0,1024,1024,64,0,0,438,40,10485760.0,0,10485760.0,6291456.0,0.0,0,0,0,0,0,0.0,0,10485760.0,0.0,0,0,0,0,0,0,0.0,0,0.0,0.0,0,0,0.0,0,0,0,0,10240.0,256.0,10485760.0,0.0,10485760.0,0.0,0.0,1.0,0.0,0.0,1.0,0.0,0.0,0.0,0.0,0.0,0.0,0.0,20971560.0,1
40,0.0,41943040.0,0,0,0,0,0,0,0,0,0,0,0,0,0,0,0,0,0,0,0,0,0,0,0,0,0,0,0,0,0,0,0,0,0,0.0,40960.0,0,262144,0,0,1024,1024,64,0,0,438,40,0.0,0,0.0,0.0,40960.0,0,0,0,0,0,0.0,0,0.0,0.0,0,0,0,0,0,0,0.0,0,40960.0,0.0,0,0,40960.0,0,0,0,0,40.0,1.0,0.0,40960.0,40960.0,0.0,0.0,1.0,0.0,0.0,1.0,0.0,0.0,0.0,0.0,0.0,0.0,0.0,41000.0,1
40,0.0,41943040.0,0,0,0,0,0,0,0,0,0,0,0,0,0,0,0,0,0,0,0,0,0,0,0,0,0,0,0,0,0,0,0,0,0,0.0,0.0,0,262144,0,0,1024,1024,64,0,0,438,40,0.0,0,40960.0,0.0,28672.0,0,0,0,0,0,0.0,0,0.0,0.0,0,0,0,0,0,0,0.0,0,40960.0,0.0,0,0,40960.0,0,0,0,0,40.0,1.0,0.0,40960.0,40960.0,0.0,0.0,1.0,0.0,0.0,1.0,0.0,0.0,0.0,0.0,0.0,0.0,0.0,81960.0,1
40,20971520.0,20971520.0,0,0,0,0,0,0,0,0,0,0,0,0,0,0,0,0,0,0,0,0,0,0,0,0,0,0,0,0,0,0,0,0,0,20480.0,20480.0,0,262144,0,0,1024,1024,64,0,0,438,40,20480.0,0,0.0,20480.0,20480.0,0,0,0,0,0,0.0,0,20480.0,0.0,0,0,0,0,0,0,0.0,0,20480.0,0.0,0,0,20480.0,0,0,0,0,40.0,1.0,20480.0,20480.0,40960.0,0.0,0.0,1.0,0.0,0.0,1.0,0.0,0.0,0.0,0.0,0.0,0.0,0.0,41000.0,1
40,20971520.0,20971520.0,0,0,0,0,0,0,0,0,0,0,0,0,0,0,0,0,0,0,0,0,0,0,0,0,0,0,0,0,0,0,0,0,0,0.0,0.0,0,262144,0,0,1024,1024,64,0,0,438,40,20480.0,0,40960.0,12288.0,14336.0,0,0,0,0,0,0.0,0,20480.0,0.0,0,0,0,0,0,0,0.0,0,20480.0,0.0,0,0,20480.0,0,0,0,0,40.0,1.0,20480.0,20480.0,40960.0,0.0,0.0,1.0,0.0,0.0,1.0,0.0,0.0,0.0,0.0,0.0,0.0,0.0,81960.0,1
40,41943040.0,0.0,0,0,0,0,0,0,0,0,0,0,0,0,0,0,0,0,0,0,0,0,0,0,0,0,0,0,0,0,0,0,0,0,0,40960.0,0.0,0,262144,0,0,1024,1024,64,0,0,438,40,40960.0,0,0.0,40960.0,0.0,0,0,0,0,0,0.0,0,40960.0,0.0,0,0,0,0,0,0,0.0,0,0.0,0.0,0,0,0.0,0,0,0,0,40.0,1.0,40960.0,0.0,40960.0,0.0,0.0,1.0,0.0,0.0,1.0,0.0,0.0,0.0,0.0,0.0,0.0,0.0,41000.0,1
40,41943040.0,0.0,0,0,0,0,0,0,0,0,0,0,0,0,0,0,0,0,0,0,0,0,0,0,0,0,0,0,0,0,0,0,0,0,0,0.0,0.0,0,262144,0,0,1024,1024,64,0,0,438,40,40960.0,0,40960.0,24576.0,0.0,0,0,0,0,0,0.0,0,40960.0,0.0,0,0,0,0,0,0,0.0,0,0.0,0.0,0,0,0.0,0,0,0,0,40.0,1.0,40960.0,0.0,40960.0,0.0,0.0,1.0,0.0,0.0,1.0,0.0,0.0,0.0,0.0,0.0,0.0,0.0,81960.0,1
40,0.0,671088640.0,0,0,0,0,0,0,0,0,0,0,0,0,0,0,0,0,0,0,0,0,0,0,0,0,0,0,0,0,0,0,0,0,0,0.0,655360.0,0,262144,0,0,1024,1024,64,0,0,438,40,0.0,0,0.0,0.0,655360.0,0,0,0,0,0,0.0,0,0.0,0.0,0,0,0,0,0,0,0.0,0,655360.0,0.0,0,0,655360.0,0,0,0,0,640.0,16.0,0.0,655360.0,655360.0,0.0,0.0,1.0,0.0,0.0,1.0,0.0,0.0,0.0,0.0,0.0,0.0,0.0,655400.0,1
40,0.0,671088640.0,0,0,0,0,0,0,0,0,0,0,0,0,0,0,0,0,0,0,0,0,0,0,0,0,0,0,0,0,0,0,0,0,0,0.0,0.0,0,262144,0,0,1024,1024,64,0,0,438,40,0.0,0,655360.0,0.0,458752.0,0,0,0,0,0,0.0,0,0.0,0.0,0,0,0,0,0,0,0.0,0,655360.0,0.0,0,0,655360.0,0,0,0,0,640.0,16.0,0.0,655360.0,655360.0,0.0,0.0,1.0,0.0,0.0,1.0,0.0,0.0,0.0,0.0,0.0,0.0,0.0,1310760.0,1
40,335544320.0,335544320.0,0,0,0,0,0,0,0,0,0,0,0,0,0,0,0,0,0,0,0,0,0,0,0,0,0,0,0,0,0,0,0,0,0,327680.0,327680.0,0,262144,0,0,1024,1024,64,0,0,438,40,327680.0,0,0.0,327680.0,327680.0,0,0,0,0,0,0.0,0,327680.0,0.0,0,0,0,0,0,0,0.0,0,327680.0,0.0,0,0,327680.0,0,0,0,0,640.0,16.0,327680.0,327680.0,655360.0,0.0,0.0,1.0,0.0,0.0,1.0,0.0,0.0,0.0,0.0,0.0,0.0,0.0,655400.0,1
40,335544320.0,335544320.0,0,0,0,0,0,0,0,0,0,0,0,0,0,0,0,0,0,0,0,0,0,0,0,0,0,0,0,0,0,0,0,0,0,0.0,0.0,0,262144,0,0,1024,1024,64,0,0,438,40,327680.0,0,655360.0,196608.0,229376.0,0,0,0,0,0,0.0,0,327680.0,0.0,0,0,0,0,0,0,0.0,0,327680.0,0.0,0,0,327680.0,0,0,0,0,640.0,16.0,327680.0,327680.0,655360.0,0.0,0.0,1.0,0.0,0.0,1.0,0.0,0.0,0.0,0.0,0.0,0.0,0.0,1310760.0,1
40,671088640.0,0.0,0,0,0,0,0,0,0,0,0,0,0,0,0,0,0,0,0,0,0,0,0,0,0,0,0,0,0,0,0,0,0,0,0,655360.0,0.0,0,262144,0,0,1024,1024,64,0,0,438,40,655360.0,0,0.0,655360.0,0.0,0,0,0,0,0,0.0,0,655360.0,0.0,0,0,0,0,0,0,0.0,0,0.0,0.0,0,0,0.0,0,0,0,0,640.0,16.0,655360.0,0.0,655360.0,0.0,0.0,1.0,0.0,0.0,1.0,0.0,0.0,0.0,0.0,0.0,0.0,0.0,655400.0,1
40,671088640.0,0.0,0,0,0,0,0,0,0,0,0,0,0,0,0,0,0,0,0,0,0,0,0,0,0,0,0,0,0,0,0,0,0,0,0,0.0,0.0,0,262144,0,0,1024,1024,64,0,0,438,40,655360.0,0,655360.0,393216.0,0.0,0,0,0,0,0,0.0,0,655360.0,0.0,0,0,0,0,0,0,0.0,0,0.0,0.0,0,0,0.0,0,0,0,0,640.0,16.0,655360.0,0.0,655360.0,0.0,0.0,1.0,0.0,0.0,1.0,0.0,0.0,0.0,0.0,0.0,0.0,0.0,1310760.0,1
40,0.0,4026531840.0,0,0,0,0,0,0,0,0,0,0,0,0,0,0,0,0,0,0,0,0,0,0,0,0,0,0,0,0,0,0,0,0,0,0.0,3840.0,0,262144,0,0,1048576,1048576,64,0,0,438,40,0.0,0,0.0,0.0,3840.0,0,0,0,0,0,0.0,0,0.0,0.0,0,0,0,0,0,0,0.0,0,0.0,3840.0,0,0,3840.0,0,0,0,0,3840.0,96.0,0.0,3840.0,3840.0,0.0,0.0,0.0,0.0,0.0,0.0,1.0,0.0,0.0,1.0,0.0,0.0,0.0,3880.0,1
40,0.0,4026531840.0,0,0,0,0,0,0,0,0,0,0,0,0,0,0,0,0,0,0,0,0,0,0,0,0,0,0,0,0,0,0,0,0,0,0.0,0.0,0,262144,0,0,1048576,1048576,64,0,0,438,40,0.0,0,3840.0,0.0,2688.0,0,0,0,0,0,0.0,0,0.0,0.0,0,0,0,0,0,0,0.0,0,0.0,3840.0,0,0,3840.0,0,0,0,0,3840.0,96.0,0.0,3840.0,3840.0,0.0,0.0,0.0,0.0,0.0,0.0,1.0,0.0,0.0,1.0,0.0,0.0,0.0,7720.0,1
40,2013265920.0,2013265920.0,0,0,0,0,0,0,0,0,0,0,0,0,0,0,0,0,0,0,0,0,0,0,0,0,0,0,0,0,0,0,0,0,0,1920.0,1920.0,0,262144,0,0,1048576,1048576,64,0,0,438,40,1920.0,0,0.0,1920.0,1920.0,0,0,0,0,0,0.0,0,0.0,1920.0,0,0,0,0,0,0,0.0,0,0.0,1920.0,0,0,1920.0,0,0,0,0,3840.0,96.0,1920.0,1920.0,3840.0,0.0,0.0,0.0,0.0,0.0,0.0,1.0,0.0,0.0,1.0,0.0,0.0,0.0,3880.0,1
40,2013265920.0,2013265920.0,0,0,0,0,0,0,0,0,0,0,0,0,0,0,0,0,0,0,0,0,0,0,0,0,0,0,0,0,0,0,0,0,0,0.0,0.0,0,262144,0,0,1048576,1048576,64,0,0,438,40,1920.0,0,3840.0,1152.0,1344.0,0,0,0,0,0,0.0,0,0.0,1920.0,0,0,0,0,0,0,0.0,0,0.0,1920.0,0,0,1920.0,0,0,0,0,3840.0,96.0,1920.0,1920.0,3840.0,0.0,0.0,0.0,0.0,0.0,0.0,1.0,0.0,0.0,1.0,0.0,0.0,0.0,7720.0,1
40,4026531840.0,0.0,0,0,0,0,0,0,0,0,0,0,0,0,0,0,0,0,0,0,0,0,0,0,0,0,0,0,0,0,0,0,0,0,0,3840.0,0.0,0,262144,0,0,1048576,1048576,64,0,0,438,40,3840.0,0,0.0,3840.0,0.0,0,0,0,0,0,0.0,0,0.0,3840.0,0,0,0,0,0,0,0.0,0,0.0,0.0,0,0,0.0,0,0,0,0,3840.0,96.0,3840.0,0.0,3840.0,0.0,0.0,0.0,0.0,0.0,0.0,1.0,0.0,0.0,1.0,0.0,0.0,0.0,3880.0,1
40,4026531840.0,0.0,0,0,0,0,0,0,0,0,0,0,0,0,0,0,0,0,0,0,0,0,0,0,0,0,0,0,0,0,0,0,0,0,0,0.0,0.0,0,262144,0,0,1048576,1048576,64,0,0,438,40,3840.0,0,3840.0,2304.0,0.0,0,0,0,0,0,0.0,0,0.0,3840.0,0,0,0,0,0,0,0.0,0,0.0,0.0,0,0,0.0,0,0,0,0,3840.0,96.0,3840.0,0.0,3840.0,0.0,0.0,0.0,0.0,0.0,0.0,1.0,0.0,0.0,1.0,0.0,0.0,0.0,7720.0,1
40,0.0,10737418240.0,0,0,0,0,0,0,0,0,0,0,0,0,0,0,0,0,0,0,0,0,0,0,0,0,0,0,0,0,0,0,0,0,0,0.0,10240.0,0,262144,0,0,1048576,1048576,64,0,0,438,40,0.0,0,0.0,0.0,10240.0,0,0,0,0,0,0.0,0,0.0,0.0,0,0,0,0,0,0,0.0,0,0.0,10240.0,0,0,10240.0,0,0,0,0,10240.0,256.0,0.0,10240.0,10240.0,0.0,0.0,0.0,0.0,0.0,0.0,1.0,0.0,0.0,1.0,0.0,0.0,0.0,10280.0,1
40,0.0,10737418240.0,0,0,0,0,0,0,0,0,0,0,0,0,0,0,0,0,0,0,0,0,0,0,0,0,0,0,0,0,0,0,0,0,0,0.0,0.0,0,262144,0,0,1048576,1048576,64,0,0,438,40,0.0,0,10240.0,0.0,7168.0,0,0,0,0,0,0.0,0,0.0,0.0,0,0,0,0,0,0,0.0,0,0.0,10240.0,0,0,10240.0,0,0,0,0,10240.0,256.0,0.0,10240.0,10240.0,0.0,0.0,0.0,0.0,0.0,0.0,1.0,0.0,0.0,1.0,0.0,0.0,0.0,20520.0,1
40,5368709120.0,5368709120.0,0,0,0,0,0,0,0,0,0,0,0,0,0,0,0,0,0,0,0,0,0,0,0,0,0,0,0,0,0,0,0,0,0,5120.0,5120.0,0,262144,0,0,1048576,1048576,64,0,0,438,40,5120.0,0,0.0,5120.0,5120.0,0,0,0,0,0,0.0,0,0.0,5120.0,0,0,0,0,0,0,0.0,0,0.0,5120.0,0,0,5120.0,0,0,0,0,10240.0,256.0,5120.0,5120.0,10240.0,0.0,0.0,0.0,0.0,0.0,0.0,1.0,0.0,0.0,1.0,0.0,0.0,0.0,10280.0,1
40,5368709120.0,5368709120.0,0,0,0,0,0,0,0,0,0,0,0,0,0,0,0,0,0,0,0,0,0,0,0,0,0,0,0,0,0,0,0,0,0,0.0,0.0,0,262144,0,0,1048576,1048576,64,0,0,438,40,5120.0,0,10240.0,3072.0,3584.0,0,0,0,0,0,0.0,0,0.0,5120.0,0,0,0,0,0,0,0.0,0,0.0,5120.0,0,0,5120.0,0,0,0,0,10240.0,256.0,5120.0,5120.0,10240.0,0.0,0.0,0.0,0.0,0.0,0.0,1.0,0.0,0.0,1.0,0.0,0.0,0.0,20520.0,1
40,10737418240.0,0.0,0,0,0,0,0,0,0,0,0,0,0,0,0,0,0,0,0,0,0,0,0,0,0,0,0,0,0,0,0,0,0,0,0,10240.0,0.0,0,262144,0,0,1048576,1048576,64,0,0,438,40,10240.0,0,0.0,10240.0,0.0,0,0,0,0,0,0.0,0,0.0,10240.0,0,0,0,0,0,0,0.0,0,0.0,0.0,0,0,0.0,0,0,0,0,10240.0,256.0,10240.0,0.0,10240.0,0.0,0.0,0.0,0.0,0.0,0.0,1.0,0.0,0.0,1.0,0.0,0.0,0.0,10280.0,1
40,10737418240.0,0.0,0,0,0,0,0,0,0,0,0,0,0,0,0,0,0,0,0,0,0,0,0,0,0,0,0,0,0,0,0,0,0,0,0,0.0,0.0,0,262144,0,0,1048576,1048576,64,0,0,438,40,10240.0,0,10240.0,6144.0,0.0,0,0,0,0,0,0.0,0,0.0,10240.0,0,0,0,0,0,0,0.0,0,0.0,0.0,0,0,0.0,0,0,0,0,10240.0,256.0,10240.0,0.0,10240.0,0.0,0.0,0.0,0.0,0.0,0.0,1.0,0.0,0.0,1.0,0.0,0.0,0.0,20520.0,1
40,0.0,41943040.0,0,0,0,0,0,0,0,0,0,0,0,0,0,0,0,0,0,0,0,0,0,0,0,0,0,0,0,0,0,0,0,0,0,0.0,40.0,0,262144,0,0,1048576,1048576,64,0,0,438,40,0.0,0,0.0,0.0,40.0,0,0,0,0,0,0.0,0,0.0,0.0,0,0,0,0,0,0,0.0,0,0.0,40.0,0,0,40.0,0,0,0,0,40.0,1.0,0.0,40.0,40.0,0.0,0.0,0.0,0.0,0.0,0.0,1.0,0.0,0.0,1.0,0.0,0.0,0.0,80.0,1
40,0.0,41943040.0,0,0,0,0,0,0,0,0,0,0,0,0,0,0,0,0,0,0,0,0,0,0,0,0,0,0,0,0,0,0,0,0,0,0.0,0.0,0,262144,0,0,1048576,1048576,64,0,0,438,40,0.0,0,40.0,0.0,28.0,0,0,0,0,0,0.0,0,0.0,0.0,0,0,0,0,0,0,0.0,0,0.0,40.0,0,0,40.0,0,0,0,0,40.0,1.0,0.0,40.0,40.0,0.0,0.0,0.0,0.0,0.0,0.0,1.0,0.0,0.0,1.0,0.0,0.0,0.0,120.0,1
40,20971520.0,20971520.0,0,0,0,0,0,0,0,0,0,0,0,0,0,0,0,0,0,0,0,0,0,0,0,0,0,0,0,0,0,0,0,0,0,20.0,20.0,0,262144,0,0,1048576,1048576,64,0,0,438,40,20.0,0,0.0,20.0,20.0,0,0,0,0,0,0.0,0,0.0,20.0,0,0,0,0,0,0,0.0,0,0.0,20.0,0,0,20.0,0,0,0,0,40.0,1.0,20.0,20.0,40.0,0.0,0.0,0.0,0.0,0.0,0.0,1.0,0.0,0.0,1.0,0.0,0.0,0.0,80.0,1
40,20971520.0,20971520.0,0,0,0,0,0,0,0,0,0,0,0,0,0,0,0,0,0,0,0,0,0,0,0,0,0,0,0,0,0,0,0,0,0,0.0,0.0,0,262144,0,0,1048576,1048576,64,0,0,438,40,20.0,0,40.0,12.0,14.0,0,0,0,0,0,0.0,0,0.0,20.0,0,0,0,0,0,0,0.0,0,0.0,20.0,0,0,20.0,0,0,0,0,40.0,1.0,20.0,20.0,40.0,0.0,0.0,0.0,0.0,0.0,0.0,1.0,0.0,0.0,1.0,0.0,0.0,0.0,120.0,1
40,41943040.0,0.0,0,0,0,0,0,0,0,0,0,0,0,0,0,0,0,0,0,0,0,0,0,0,0,0,0,0,0,0,0,0,0,0,0,40.0,0.0,0,262144,0,0,1048576,1048576,64,0,0,438,40,40.0,0,0.0,40.0,0.0,0,0,0,0,0,0.0,0,0.0,40.0,0,0,0,0,0,0,0.0,0,0.0,0.0,0,0,0.0,0,0,0,0,40.0,1.0,40.0,0.0,40.0,0.0,0.0,0.0,0.0,0.0,0.0,1.0,0.0,0.0,1.0,0.0,0.0,0.0,80.0,1
40,41943040.0,0.0,0,0,0,0,0,0,0,0,0,0,0,0,0,0,0,0,0,0,0,0,0,0,0,0,0,0,0,0,0,0,0,0,0,0.0,0.0,0,262144,0,0,1048576,1048576,64,0,0,438,40,40.0,0,40.0,24.0,0.0,0,0,0,0,0,0.0,0,0.0,40.0,0,0,0,0,0,0,0.0,0,0.0,0.0,0,0,0.0,0,0,0,0,40.0,1.0,40.0,0.0,40.0,0.0,0.0,0.0,0.0,0.0,0.0,1.0,0.0,0.0,1.0,0.0,0.0,0.0,120.0,1
40,0.0,671088640.0,0,0,0,0,0,0,0,0,0,0,0,0,0,0,0,0,0,0,0,0,0,0,0,0,0,0,0,0,0,0,0,0,0,0.0,640.0,0,262144,0,0,1048576,1048576,64,0,0,438,40,0.0,0,0.0,0.0,640.0,0,0,0,0,0,0.0,0,0.0,0.0,0,0,0,0,0,0,0.0,0,0.0,640.0,0,0,640.0,0,0,0,0,640.0,16.0,0.0,640.0,640.0,0.0,0.0,0.0,0.0,0.0,0.0,1.0,0.0,0.0,1.0,0.0,0.0,0.0,680.0,1
40,0.0,671088640.0,0,0,0,0,0,0,0,0,0,0,0,0,0,0,0,0,0,0,0,0,0,0,0,0,0,0,0,0,0,0,0,0,0,0.0,0.0,0,262144,0,0,1048576,1048576,64,0,0,438,40,0.0,0,640.0,0.0,448.0,0,0,0,0,0,0.0,0,0.0,0.0,0,0,0,0,0,0,0.0,0,0.0,640.0,0,0,640.0,0,0,0,0,640.0,16.0,0.0,640.0,640.0,0.0,0.0,0.0,0.0,0.0,0.0,1.0,0.0,0.0,1.0,0.0,0.0,0.0,1320.0,1
40,335544320.0,335544320.0,0,0,0,0,0,0,0,0,0,0,0,0,0,0,0,0,0,0,0,0,0,0,0,0,0,0,0,0,0,0,0,0,0,320.0,320.0,0,262144,0,0,1048576,1048576,64,0,0,438,40,320.0,0,0.0,320.0,320.0,0,0,0,0,0,0.0,0,0.0,320.0,0,0,0,0,0,0,0.0,0,0.0,320.0,0,0,320.0,0,0,0,0,640.0,16.0,320.0,320.0,640.0,0.0,0.0,0.0,0.0,0.0,0.0,1.0,0.0,0.0,1.0,0.0,0.0,0.0,680.0,1
40,335544320.0,335544320.0,0,0,0,0,0,0,0,0,0,0,0,0,0,0,0,0,0,0,0,0,0,0,0,0,0,0,0,0,0,0,0,0,0,0.0,0.0,0,262144,0,0,1048576,1048576,64,0,0,438,40,320.0,0,640.0,192.0,224.0,0,0,0,0,0,0.0,0,0.0,320.0,0,0,0,0,0,0,0.0,0,0.0,320.0,0,0,320.0,0,0,0,0,640.0,16.0,320.0,320.0,640.0,0.0,0.0,0.0,0.0,0.0,0.0,1.0,0.0,0.0,1.0,0.0,0.0,0.0,1320.0,1
40,671088640.0,0.0,0,0,0,0,0,0,0,0,0,0,0,0,0,0,0,0,0,0,0,0,0,0,0,0,0,0,0,0,0,0,0,0,0,640.0,0.0,0,262144,0,0,1048576,1048576,64,0,0,438,40,640.0,0,0.0,640.0,0.0,0,0,0,0,0,0.0,0,0.0,640.0,0,0,0,0,0,0,0.0,0,0.0,0.0,0,0,0.0,0,0,0,0,640.0,16.0,640.0,0.0,640.0,0.0,0.0,0.0,0.0,0.0,0.0,1.0,0.0,0.0,1.0,0.0,0.0,0.0,680.0,1
40,671088640.0,0.0,0,0,0,0,0,0,0,0,0,0,0,0,0,0,0,0,0,0,0,0,0,0,0,0,0,0,0,0,0,0,0,0,0,0.0,0.0,0,262144,0,0,1048576,1048576,64,0,0,438,40,640.0,0,640.0,384.0,0.0,0,0,0,0,0,0.0,0,0.0,640.0,0,0,0,0,0,0,0.0,0,0.0,0.0,0,0,0.0,0,0,0,0,640.0,16.0,640.0,0.0,640.0,0.0,0.0,0.0,0.0,0.0,0.0,1.0,0.0,0.0,1.0,0.0,0.0,0.0,1320.0,1
40,0.0,4026531840.0,0,0,0,0,0,0,0,0,0,0,0,0,0,0,0,0,0,0,0,0,0,0,0,0,0,0,0,0,0,0,0,0,0,0.0,240.0,0,262144,0,0,16777216,16777216,64,0,0,438,40,0.0,0,0.0,0.0,240.0,0,0,0,0,0,0.0,0,0.0,0.0,0,0,0,0,0,0,240.0,0,0.0,0.0,0,0,240.0,0,0,0,0,3840.0,96.0,0.0,240.0,240.0,0.0,0.0,0.0,0.0,0.0,0.0,0.0,0.0,1.0,1.0,0.0,0.0,0.0,280.0,1
40,0.0,4026531840.0,0,0,0,0,0,0,0,0,0,0,0,0,0,0,0,0,0,0,0,0,0,0,0,0,0,0,0,0,0,0,0,0,0,0.0,0.0,0,262144,0,0,16777216,16777216,64,0,0,438,40,0.0,0,240.0,0.0,168.0,0,0,0,0,0,0.0,0,0.0,0.0,0,0,0,0,0,0,240.0,0,0.0,0.0,0,0,240.0,0,0,0,0,3840.0,96.0,0.0,240.0,240.0,0.0,0.0,0.0,0.0,0.0,0.0,0.0,0.0,1.0,1.0,0.0,0.0,0.0,520.0,1
40,2013265920.0,2013265920.0,0,0,0,0,0,0,0,0,0,0,0,0,0,0,0,0,0,0,0,0,0,0,0,0,0,0,0,0,0,0,0,0,0,120.0,120.0,0,262144,0,0,16777216,16777216,64,0,0,438,40,120.0,0,0.0,120.0,120.0,0,0,0,0,0,120.0,0,0.0,0.0,0,0,0,0,0,0,120.0,0,0.0,0.0,0,0,120.0,0,0,0,0,3840.0,96.0,120.0,120.0,240.0,0.0,0.0,0.0,0.0,0.0,0.0,0.0,0.0,1.0,1.0,0.0,0.0,0.0,280.0,1
40,2013265920.0,2013265920.0,0,0,0,0,0,0,0,0,0,0,0,0,0,0,0,0,0,0,0,0,0,0,0,0,0,0,0,0,0,0,0,0,0,0.0,0.0,0,262144,0,0,16777216,16777216,64,0,0,438,40,120.0,0,240.0,72.0,84.0,0,0,0,0,0,120.0,0,0.0,0.0,0,0,0,0,0,0,120.0,0,0.0,0.0,0,0,120.0,0,0,0,0,3840.0,96.0,120.0,120.0,240.0,0.0,0.0,0.0,0.0,0.0,0.0,0.0,0.0,1.0,1.0,0.0,0.0,0.0,520.0,1
40,4026531840.0,0.0,0,0,0,0,0,0,0,0,0,0,0,0,0,0,0,0,0,0,0,0,0,0,0,0,0,0,0,0,0,0,0,0,0,240.0,0.0,0,262144,0,0,16777216,16777216,64,0,0,438,40,240.0,0,0.0,240.0,0.0,0,0,0,0,0,240.0,0,0.0,0.0,0,0,0,0,0,0,0.0,0,0.0,0.0,0,0,0.0,0,0,0,0,3840.0,96.0,240.0,0.0,240.0,0.0,0.0,0.0,0.0,0.0,0.0,0.0,0.0,1.0,1.0,0.0,0.0,0.0,280.0,1
40,4026531840.0,0.0,0,0,0,0,0,0,0,0,0,0,0,0,0,0,0,0,0,0,0,0,0,0,0,0,0,0,0,0,0,0,0,0,0,0.0,0.0,0,262144,0,0,16777216,16777216,64,0,0,438,40,240.0,0,240.0,144.0,0.0,0,0,0,0,0,240.0,0,0.0,0.0,0,0,0,0,0,0,0.0,0,0.0,0.0,0,0,0.0,0,0,0,0,3840.0,96.0,240.0,0.0,240.0,0.0,0.0,0.0,0.0,0.0,0.0,0.0,0.0,1.0,1.0,0.0,0.0,0.0,520.0,1
40,0.0,10737418240.0,0,0,0,0,0,0,0,0,0,0,0,0,0,0,0,0,0,0,0,0,0,0,0,0,0,0,0,0,0,0,0,0,0,0.0,640.0,0,262144,0,0,16777216,16777216,64,0,0,438,40,0.0,0,0.0,0.0,640.0,0,0,0,0,0,0.0,0,0.0,0.0,0,0,0,0,0,0,640.0,0,0.0,0.0,0,0,640.0,0,0,0,0,10240.0,256.0,0.0,640.0,640.0,0.0,0.0,0.0,0.0,0.0,0.0,0.0,0.0,1.0,1.0,0.0,0.0,0.0,680.0,1
40,0.0,10737418240.0,0,0,0,0,0,0,0,0,0,0,0,0,0,0,0,0,0,0,0,0,0,0,0,0,0,0,0,0,0,0,0,0,0,0.0,0.0,0,262144,0,0,16777216,16777216,64,0,0,438,40,0.0,0,640.0,0.0,448.0,0,0,0,0,0,0.0,0,0.0,0.0,0,0,0,0,0,0,640.0,0,0.0,0.0,0,0,640.0,0,0,0,0,10240.0,256.0,0.0,640.0,640.0,0.0,0.0,0.0,0.0,0.0,0.0,0.0,0.0,1.0,1.0,0.0,0.0,0.0,1320.0,1
40,5368709120.0,5368709120.0,0,0,0,0,0,0,0,0,0,0,0,0,0,0,0,0,0,0,0,0,0,0,0,0,0,0,0,0,0,0,0,0,0,320.0,320.0,0,262144,0,0,16777216,16777216,64,0,0,438,40,320.0,0,0.0,320.0,320.0,0,0,0,0,0,320.0,0,0.0,0.0,0,0,0,0,0,0,320.0,0,0.0,0.0,0,0,320.0,0,0,0,0,10240.0,256.0,320.0,320.0,640.0,0.0,0.0,0.0,0.0,0.0,0.0,0.0,0.0,1.0,1.0,0.0,0.0,0.0,680.0,1
40,5368709120.0,5368709120.0,0,0,0,0,0,0,0,0,0,0,0,0,0,0,0,0,0,0,0,0,0,0,0,0,0,0,0,0,0,0,0,0,0,0.0,0.0,0,262144,0,0,16777216,16777216,64,0,0,438,40,320.0,0,640.0,192.0,224.0,0,0,0,0,0,320.0,0,0.0,0.0,0,0,0,0,0,0,320.0,0,0.0,0.0,0,0,320.0,0,0,0,0,10240.0,256.0,320.0,320.0,640.0,0.0,0.0,0.0,0.0,0.0,0.0,0.0,0.0,1.0,1.0,0.0,0.0,0.0,1320.0,1
40,10737418240.0,0.0,0,0,0,0,0,0,0,0,0,0,0,0,0,0,0,0,0,0,0,0,0,0,0,0,0,0,0,0,0,0,0,0,0,640.0,0.0,0,262144,0,0,16777216,16777216,64,0,0,438,40,640.0,0,0.0,640.0,0.0,0,0,0,0,0,640.0,0,0.0,0.0,0,0,0,0,0,0,0.0,0,0.0,0.0,0,0,0.0,0,0,0,0,10240.0,256.0,640.0,0.0,640.0,0.0,0.0,0.0,0.0,0.0,0.0,0.0,0.0,1.0,1.0,0.0,0.0,0.0,680.0,1
40,10737418240.0,0.0,0,0,0,0,0,0,0,0,0,0,0,0,0,0,0,0,0,0,0,0,0,0,0,0,0,0,0,0,0,0,0,0,0,0.0,0.0,0,262144,0,0,16777216,16777216,64,0,0,438,40,640.0,0,640.0,384.0,0.0,0,0,0,0,0,640.0,0,0.0,0.0,0,0,0,0,0,0,0.0,0,0.0,0.0,0,0,0.0,0,0,0,0,10240.0,256.0,640.0,0.0,640.0,0.0,0.0,0.0,0.0,0.0,0.0,0.0,0.0,1.0,1.0,0.0,0.0,0.0,1320.0,1
40,0.0,41943040.0,0,0,0,0,0,0,0,0,0,0,0,0,0,0,0,0,0,0,0,0,0,0,0,0,0,0,0,0,0,0,0,0,0,0.0,2.5,0,262144,0,0,16777216,16777216,64,0,0,438,40,0.0,0,0.0,0.0,2.5,0,0,0,0,0,0.0,0,0.0,0.0,0,0,0,0,0,0,2.5,0,0.0,0.0,0,0,2.5,0,0,0,0,40.0,1.0,0.0,2.5,2.5,0.0,0.0,0.0,0.0,0.0,0.0,0.0,0.0,1.0,1.0,0.0,0.0,0.0,42.5,1
40,0.0,41943040.0,0,0,0,0,0,0,0,0,0,0,0,0,0,0,0,0,0,0,0,0,0,0,0,0,0,0,0,0,0,0,0,0,0,0.0,0.0,0,262144,0,0,16777216,16777216,64,0,0,438,40,0.0,0,2.5,0.0,1.75,0,0,0,0,0,0.0,0,0.0,0.0,0,0,0,0,0,0,2.5,0,0.0,0.0,0,0,2.5,0,0,0,0,40.0,1.0,0.0,2.5,2.5,0.0,0.0,0.0,0.0,0.0,0.0,0.0,0.0,1.0,1.0,0.0,0.0,0.0,45.0,1
40,20971520.0,20971520.0,0,0,0,0,0,0,0,0,0,0,0,0,0,0,0,0,0,0,0,0,0,0,0,0,0,0,0,0,0,0,0,0,0,1.25,1.25,0,262144,0,0,16777216,16777216,64,0,0,438,40,1.25,0,0.0,1.25,1.25,0,0,0,0,0,1.25,0,0.0,0.0,0,0,0,0,0,0,1.25,0,0.0,0.0,0,0,1.25,0,0,0,0,40.0,1.0,1.25,1.25,2.5,0.0,0.0,0.0,0.0,0.0,0.0,0.0,0.0,1.0,1.0,0.0,0.0,0.0,42.5,1
40,20971520.0,20971520.0,0,0,0,0,0,0,0,0,0,0,0,0,0,0,0,0,0,0,0,0,0,0,0,0,0,0,0,0,0,0,0,0,0,0.0,0.0,0,262144,0,0,16777216,16777216,64,0,0,438,40,1.25,0,2.5,0.75,0.875,0,0,0,0,0,1.25,0,0.0,0.0,0,0,0,0,0,0,1.25,0,0.0,0.0,0,0,1.25,0,0,0,0,40.0,1.0,1.25,1.25,2.5,0.0,0.0,0.0,0.0,0.0,0.0,0.0,0.0,1.0,1.0,0.0,0.0,0.0,45.0,1
40,41943040.0,0.0,0,0,0,0,0,0,0,0,0,0,0,0,0,0,0,0,0,0,0,0,0,0,0,0,0,0,0,0,0,0,0,0,0,2.5,0.0,0,262144,0,0,16777216,16777216,64,0,0,438,40,2.5,0,0.0,2.5,0.0,0,0,0,0,0,2.5,0,0.0,0.0,0,0,0,0,0,0,0.0,0,0.0,0.0,0,0,0.0,0,0,0,0,40.0,1.0,2.5,0.0,2.5,0.0,0.0,0.0,0.0,0.0,0.0,0.0,0.0,1.0,1.0,0.0,0.0,0.0,42.5,1
40,41943040.0,0.0,0,0,0,0,0,0,0,0,0,0,0,0,0,0,0,0,0,0,0,0,0,0,0,0,0,0,0,0,0,0,0,0,0,0.0,0.0,0,262144,0,0,16777216,16777216,64,0,0,438,40,2.5,0,2.5,1.5,0.0,0,0,0,0,0,2.5,0,0.0,0.0,0,0,0,0,0,0,0.0,0,0.0,0.0,0,0,0.0,0,0,0,0,40.0,1.0,2.5,0.0,2.5,0.0,0.0,0.0,0.0,0.0,0.0,0.0,0.0,1.0,1.0,0.0,0.0,0.0,45.0,1
40,0.0,671088640.0,0,0,0,0,0,0,0,0,0,0,0,0,0,0,0,0,0,0,0,0,0,0,0,0,0,0,0,0,0,0,0,0,0,0.0,40.0,0,262144,0,0,16777216,16777216,64,0,0,438,40,0.0,0,0.0,0.0,40.0,0,0,0,0,0,0.0,0,0.0,0.0,0,0,0,0,0,0,40.0,0,0.0,0.0,0,0,40.0,0,0,0,0,640.0,16.0,0.0,40.0,40.0,0.0,0.0,0.0,0.0,0.0,0.0,0.0,0.0,1.0,1.0,0.0,0.0,0.0,80.0,1
40,0.0,671088640.0,0,0,0,0,0,0,0,0,0,0,0,0,0,0,0,0,0,0,0,0,0,0,0,0,0,0,0,0,0,0,0,0,0,0.0,0.0,0,262144,0,0,16777216,16777216,64,0,0,438,40,0.0,0,40.0,0.0,28.0,0,0,0,0,0,0.0,0,0.0,0.0,0,0,0,0,0,0,40.0,0,0.0,0.0,0,0,40.0,0,0,0,0,640.0,16.0,0.0,40.0,40.0,0.0,0.0,0.0,0.0,0.0,0.0,0.0,0.0,1.0,1.0,0.0,0.0,0.0,120.0,1
40,335544320.0,335544320.0,0,0,0,0,0,0,0,0,0,0,0,0,0,0,0,0,0,0,0,0,0,0,0,0,0,0,0,0,0,0,0,0,0,20.0,20.0,0,262144,0,0,16777216,16777216,64,0,0,438,40,20.0,0,0.0,20.0,20.0,0,0,0,0,0,20.0,0,0.0,0.0,0,0,0,0,0,0,20.0,0,0.0,0.0,0,0,20.0,0,0,0,0,640.0,16.0,20.0,20.0,40.0,0.0,0.0,0.0,0.0,0.0,0.0,0.0,0.0,1.0,1.0,0.0,0.0,0.0,80.0,1
40,335544320.0,335544320.0,0,0,0,0,0,0,0,0,0,0,0,0,0,0,0,0,0,0,0,0,0,0,0,0,0,0,0,0,0,0,0,0,0,0.0,0.0,0,262144,0,0,16777216,16777216,64,0,0,438,40,20.0,0,40.0,12.0,14.0,0,0,0,0,0,20.0,0,0.0,0.0,0,0,0,0,0,0,20.0,0,0.0,0.0,0,0,20.0,0,0,0,0,640.0,16.0,20.0,20.0,40.0,0.0,0.0,0.0,0.0,0.0,0.0,0.0,0.0,1.0,1.0,0.0,0.0,0.0,120.0,1
40,671088640.0,0.0,0,0,0,0,0,0,0,0,0,0,0,0,0,0,0,0,0,0,0,0,0,0,0,0,0,0,0,0,0,0,0,0,0,40.0,0.0,0,262144,0,0,16777216,16777216,64,0,0,438,40,40.0,0,0.0,40.0,0.0,0,0,0,0,0,40.0,0,0.0,0.0,0,0,0,0,0,0,0.0,0,0.0,0.0,0,0,0.0,0,0,0,0,640.0,16.0,40.0,0.0,40.0,0.0,0.0,0.0,0.0,0.0,0.0,0.0,0.0,1.0,1.0,0.0,0.0,0.0,80.0,1
40,671088640.0,0.0,0,0,0,0,0,0,0,0,0,0,0,0,0,0,0,0,0,0,0,0,0,0,0,0,0,0,0,0,0,0,0,0,0,0.0,0.0,0,262144,0,0,16777216,16777216,64,0,0,438,40,40.0,0,40.0,24.0,0.0,0,0,0,0,0,40.0,0,0.0,0.0,0,0,0,0,0,0,0.0,0,0.0,0.0,0,0,0.0,0,0,0,0,640.0,16.0,40.0,0.0,40.0,0.0,0.0,0.0,0.0,0.0,0.0,0.0,0.0,1.0,1.0,0.0,0.0,0.0,120.0,1
160,0.0,16106127360.0,0,0,0,0,0,0,0,0,0,0,0,0,0,0,0,0,0,0,0,0,0,0,0,0,0,0,0,0,0,0,0,0,0,0.0,15728640.0,0,262144,0,0,1024,1024,64,0,0,438,160,0.0,0,0.0,0.0,15728640.0,0,0,0,0,0,0.0,0,0.0,0.0,0,0,0,0,0,0,0.0,0,15728640.0,0.0,0,0,15728640.0,0,0,0,0,15360.0,96.0,0.0,15728640.0,15728640.0,0.0,0.0,1.0,0.0,0.0,1.0,0.0,0.0,0.0,0.0,0.0,0.0,0.0,15728800.0,1
160,0.0,16106127360.0,0,0,0,0,0,0,0,0,0,0,0,0,0,0,0,0,0,0,0,0,0,0,0,0,0,0,0,0,0,0,0,0,0,0.0,0.0,0,262144,0,0,1024,1024,64,0,0,438,160,0.0,0,15728640.0,0.0,11010048.0,0,0,0,0,0,0.0,0,0.0,0.0,0,0,0,0,0,0,0.0,0,15728640.0,0.0,0,0,15728640.0,0,0,0,0,15360.0,96.0,0.0,15728640.0,15728640.0,0.0,0.0,1.0,0.0,0.0,1.0,0.0,0.0,0.0,0.0,0.0,0.0,0.0,31457440.0,1
160,8053063680.0,8053063680.0,0,0,0,0,0,0,0,0,0,0,0,0,0,0,0,0,0,0,0,0,0,0,0,0,0,0,0,0,0,0,0,0,0,7864320.0,7864320.0,0,262144,0,0,1024,1024,64,0,0,438,160,7864320.0,0,0.0,7864320.0,7864320.0,0,0,0,0,0,0.0,0,7864320.0,0.0,0,0,0,0,0,0,0.0,0,7864320.0,0.0,0,0,7864320.0,0,0,0,0,15360.0,96.0,7864320.0,7864320.0,15728640.0,0.0,0.0,1.0,0.0,0.0,1.0,0.0,0.0,0.0,0.0,0.0,0.0,0.0,15728800.0,1
160,8053063680.0,8053063680.0,0,0,0,0,0,0,0,0,0,0,0,0,0,0,0,0,0,0,0,0,0,0,0,0,0,0,0,0,0,0,0,0,0,0.0,0.0,0,262144,0,0,1024,1024,64,0,0,438,160,7864320.0,0,15728640.0,4718592.0,5505024.0,0,0,0,0,0,0.0,0,7864320.0,0.0,0,0,0,0,0,0,0.0,0,7864320.0,0.0,0,0,7864320.0,0,0,0,0,15360.0,96.0,7864320.0,7864320.0,15728640.0,0.0,0.0,1.0,0.0,0.0,1.0,0.0,0.0,0.0,0.0,0.0,0.0,0.0,31457440.0,1
160,16106127360.0,0.0,0,0,0,0,0,0,0,0,0,0,0,0,0,0,0,0,0,0,0,0,0,0,0,0,0,0,0,0,0,0,0,0,0,15728640.0,0.0,0,262144,0,0,1024,1024,64,0,0,438,160,15728640.0,0,0.0,15728640.0,0.0,0,0,0,0,0,0.0,0,15728640.0,0.0,0,0,0,0,0,0,0.0,0,0.0,0.0,0,0,0.0,0,0,0,0,15360.0,96.0,15728640.0,0.0,15728640.0,0.0,0.0,1.0,0.0,0.0,1.0,0.0,0.0,0.0,0.0,0.0,0.0,0.0,15728800.0,1
160,16106127360.0,0.0,0,0,0,0,0,0,0,0,0,0,0,0,0,0,0,0,0,0,0,0,0,0,0,0,0,0,0,0,0,0,0,0,0,0.0,0.0,0,262144,0,0,1024,1024,64,0,0,438,160,15728640.0,0,15728640.0,9437184.0,0.0,0,0,0,0,0,0.0,0,15728640.0,0.0,0,0,0,0,0,0,0.0,0,0.0,0.0,0,0,0.0,0,0,0,0,15360.0,96.0,15728640.0,0.0,15728640.0,0.0,0.0,1.0,0.0,0.0,1.0,0.0,0.0,0.0,0.0,0.0,0.0,0.0,31457440.0,1
160,0.0,42949672960.0,0,0,0,0,0,0,0,0,0,0,0,0,0,0,0,0,0,0,0,0,0,0,0,0,0,0,0,0,0,0,0,0,0,0.0,41943040.0,0,262144,0,0,1024,1024,64,0,0,438,160,0.0,0,0.0,0.0,41943040.0,0,0,0,0,0,0.0,0,0.0,0.0,0,0,0,0,0,0,0.0,0,41943040.0,0.0,0,0,41943040.0,0,0,0,0,40960.0,256.0,0.0,41943040.0,41943040.0,0.0,0.0,1.0,0.0,0.0,1.0,0.0,0.0,0.0,0.0,0.0,0.0,0.0,41943200.0,1
160,0.0,42949672960.0,0,0,0,0,0,0,0,0,0,0,0,0,0,0,0,0,0,0,0,0,0,0,0,0,0,0,0,0,0,0,0,0,0,0.0,0.0,0,262144,0,0,1024,1024,64,0,0,438,160,0.0,0,41943040.0,0.0,29360128.0,0,0,0,0,0,0.0,0,0.0,0.0,0,0,0,0,0,0,0.0,0,41943040.0,0.0,0,0,41943040.0,0,0,0,0,40960.0,256.0,0.0,41943040.0,41943040.0,0.0,0.0,1.0,0.0,0.0,1.0,0.0,0.0,0.0,0.0,0.0,0.0,0.0,83886240.0,1
160,21474836480.0,21474836480.0,0,0,0,0,0,0,0,0,0,0,0,0,0,0,0,0,0,0,0,0,0,0,0,0,0,0,0,0,0,0,0,0,0,20971520.0,20971520.0,0,262144,0,0,1024,1024,64,0,0,438,160,20971520.0,0,0.0,20971520.0,20971520.0,0,0,0,0,0,0.0,0,20971520.0,0.0,0,0,0,0,0,0,0.0,0,20971520.0,0.0,0,0,20971520.0,0,0,0,0,40960.0,256.0,20971520.0,20971520.0,41943040.0,0.0,0.0,1.0,0.0,0.0,1.0,0.0,0.0,0.0,0.0,0.0,0.0,0.0,41943200.0,1
160,21474836480.0,21474836480.0,0,0,0,0,0,0,0,0,0,0,0,0,0,0,0,0,0,0,0,0,0,0,0,0,0,0,0,0,0,0,0,0,0,0.0,0.0,0,262144,0,0,1024,1024,64,0,0,438,160,20971520.0,0,41943040.0,12582912.0,14680064.0,0,0,0,0,0,0.0,0,20971520.0,0.0,0,0,0,0,0,0,0.0,0,20971520.0,0.0,0,0,20971520.0,0,0,0,0,40960.0,256.0,20971520.0,20971520.0,41943040.0,0.0,0.0,1.0,0.0,0.0,1.0,0.0,0.0,0.0,0.0,0.0,0.0,0.0,83886240.0,1
160,42949672960.0,0.0,0,0,0,0,0,0,0,0,0,0,0,0,0,0,0,0,0,0,0,0,0,0,0,0,0,0,0,0,0,0,0,0,0,41943040.0,0.0,0,262144,0,0,1024,1024,64,0,0,438,160,41943040.0,0,0.0,41943040.0,0.0,0,0,0,0,0,0.0,0,41943040.0,0.0,0,0,0,0,0,0,0.0,0,0.0,0.0,0,0,0.0,0,0,0,0,40960.0,256.0,41943040.0,0.0,41943040.0,0.0,0.0,1.0,0.0,0.0,1.0,0.0,0.0,0.0,0.0,0.0,0.0,0.0,41943200.0,1
160,42949672960.0,0.0,0,0,0,0,0,0,0,0,0,0,0,0,0,0,0,0,0,0,0,0,0,0,0,0,0,0,0,0,0,0,0,0,0,0.0,0.0,0,262144,0,0,1024,1024,64,0,0,438,160,41943040.0,0,41943040.0,25165824.0,0.0,0,0,0,0,0,0.0,0,41943040.0,0.0,0,0,0,0,0,0,0.0,0,0.0,0.0,0,0,0.0,0,0,0,0,40960.0,256.0,41943040.0,0.0,41943040.0,0.0,0.0,1.0,0.0,0.0,1.0,0.0,0.0,0.0,0.0,0.0,0.0,0.0,83886240.0,1
160,0.0,167772160.0,0,0,0,0,0,0,0,0,0,0,0,0,0,0,0,0,0,0,0,0,0,0,0,0,0,0,0,0,0,0,0,0,0,0.0,163840.0,0,262144,0,0,1024,1024,64,0,0,438,160,0.0,0,0.0,0.0,163840.0,0,0,0,0,0,0.0,0,0.0,0.0,0,0,0,0,0,0,0.0,0,163840.0,0.0,0,0,163840.0,0,0,0,0,160.0,1.0,0.0,163840.0,163840.0,0.0,0.0,1.0,0.0,0.0,1.0,0.0,0.0,0.0,0.0,0.0,0.0,0.0,164000.0,1
160,0.0,167772160.0,0,0,0,0,0,0,0,0,0,0,0,0,0,0,0,0,0,0,0,0,0,0,0,0,0,0,0,0,0,0,0,0,0,0.0,0.0,0,262144,0,0,1024,1024,64,0,0,438,160,0.0,0,163840.0,0.0,114688.0,0,0,0,0,0,0.0,0,0.0,0.0,0,0,0,0,0,0,0.0,0,163840.0,0.0,0,0,163840.0,0,0,0,0,160.0,1.0,0.0,163840.0,163840.0,0.0,0.0,1.0,0.0,0.0,1.0,0.0,0.0,0.0,0.0,0.0,0.0,0.0,327840.0,1
160,83886080.0,83886080.0,0,0,0,0,0,0,0,0,0,0,0,0,0,0,0,0,0,0,0,0,0,0,0,0,0,0,0,0,0,0,0,0,0,81920.0,81920.0,0,262144,0,0,1024,1024,64,0,0,438,160,81920.0,0,0.0,81920.0,81920.0,0,0,0,0,0,0.0,0,81920.0,0.0,0,0,0,0,0,0,0.0,0,81920.0,0.0,0,0,81920.0,0,0,0,0,160.0,1.0,81920.0,81920.0,163840.0,0.0,0.0,1.0,0.0,0.0,1.0,0.0,0.0,0.0,0.0,0.0,0.0,0.0,164000.0,1
160,83886080.0,83886080.0,0,0,0,0,0,0,0,0,0,0,0,0,0,0,0,0,0,0,0,0,0,0,0,0,0,0,0,0,0,0,0,0,0,0.0,0.0,0,262144,0,0,1024,1024,64,0,0,438,160,81920.0,0,163840.0,49152.0,57344.0,0,0,0,0,0,0.0,0,81920.0,0.0,0,0,0,0,0,0,0.0,0,81920.0,0.0,0,0,81920.0,0,0,0,0,160.0,1.0,81920.0,81920.0,163840.0,0.0,0.0,1.0,0.0,0.0,1.0,0.0,0.0,0.0,0.0,0.0,0.0,0.0,327840.0,1
160,167772160.0,0.0,0,0,0,0,0,0,0,0,0,0,0,0,0,0,0,0,0,0,0,0,0,0,0,0,0,0,0,0,0,0,0,0,0,163840.0,0.0,0,262144,0,0,1024,1024,64,0,0,438,160,163840.0,0,0.0,163840.0,0.0,0,0,0,0,0,0.0,0,163840.0,0.0,0,0,0,0,0,0,0.0,0,0.0,0.0,0,0,0.0,0,0,0,0,160.0,1.0,163840.0,0.0,163840.0,0.0,0.0,1.0,0.0,0.0,1.0,0.0,0.0,0.0,0.0,0.0,0.0,0.0,164000.0,1
160,167772160.0,0.0,0,0,0,0,0,0,0,0,0,0,0,0,0,0,0,0,0,0,0,0,0,0,0,0,0,0,0,0,0,0,0,0,0,0.0,0.0,0,262144,0,0,1024,1024,64,0,0,438,160,163840.0,0,163840.0,98304.0,0.0,0,0,0,0,0,0.0,0,163840.0,0.0,0,0,0,0,0,0,0.0,0,0.0,0.0,0,0,0.0,0,0,0,0,160.0,1.0,163840.0,0.0,163840.0,0.0,0.0,1.0,0.0,0.0,1.0,0.0,0.0,0.0,0.0,0.0,0.0,0.0,327840.0,1
160,0.0,2684354560.0,0,0,0,0,0,0,0,0,0,0,0,0,0,0,0,0,0,0,0,0,0,0,0,0,0,0,0,0,0,0,0,0,0,0.0,2621440.0,0,262144,0,0,1024,1024,64,0,0,438,160,0.0,0,0.0,0.0,2621440.0,0,0,0,0,0,0.0,0,0.0,0.0,0,0,0,0,0,0,0.0,0,2621440.0,0.0,0,0,2621440.0,0,0,0,0,2560.0,16.0,0.0,2621440.0,2621440.0,0.0,0.0,1.0,0.0,0.0,1.0,0.0,0.0,0.0,0.0,0.0,0.0,0.0,2621600.0,1
160,0.0,2684354560.0,0,0,0,0,0,0,0,0,0,0,0,0,0,0,0,0,0,0,0,0,0,0,0,0,0,0,0,0,0,0,0,0,0,0.0,0.0,0,262144,0,0,1024,1024,64,0,0,438,160,0.0,0,2621440.0,0.0,1835008.0,0,0,0,0,0,0.0,0,0.0,0.0,0,0,0,0,0,0,0.0,0,2621440.0,0.0,0,0,2621440.0,0,0,0,0,2560.0,16.0,0.0,2621440.0,2621440.0,0.0,0.0,1.0,0.0,0.0,1.0,0.0,0.0,0.0,0.0,0.0,0.0,0.0,5243040.0,1
160,1342177280.0,1342177280.0,0,0,0,0,0,0,0,0,0,0,0,0,0,0,0,0,0,0,0,0,0,0,0,0,0,0,0,0,0,0,0,0,0,1310720.0,1310720.0,0,262144,0,0,1024,1024,64,0,0,438,160,1310720.0,0,0.0,1310720.0,1310720.0,0,0,0,0,0,0.0,0,1310720.0,0.0,0,0,0,0,0,0,0.0,0,1310720.0,0.0,0,0,1310720.0,0,0,0,0,2560.0,16.0,1310720.0,1310720.0,2621440.0,0.0,0.0,1.0,0.0,0.0,1.0,0.0,0.0,0.0,0.0,0.0,0.0,0.0,2621600.0,1
160,1342177280.0,1342177280.0,0,0,0,0,0,0,0,0,0,0,0,0,0,0,0,0,0,0,0,0,0,0,0,0,0,0,0,0,0,0,0,0,0,0.0,0.0,0,262144,0,0,1024,1024,64,0,0,438,160,1310720.0,0,2621440.0,786432.0,917504.0,0,0,0,0,0,0.0,0,1310720.0,0.0,0,0,0,0,0,0,0.0,0,1310720.0,0.0,0,0,1310720.0,0,0,0,0,2560.0,16.0,1310720.0,1310720.0,2621440.0,0.0,0.0,1.0,0.0,0.0,1.0,0.0,0.0,0.0,0.0,0.0,0.0,0.0,5243040.0,1
160,2684354560.0,0.0,0,0,0,0,0,0,0,0,0,0,0,0,0,0,0,0,0,0,0,0,0,0,0,0,0,0,0,0,0,0,0,0,0,2621440.0,0.0,0,262144,0,0,1024,1024,64,0,0,438,160,2621440.0,0,0.0,2621440.0,0.0,0,0,0,0,0,0.0,0,2621440.0,0.0,0,0,0,0,0,0,0.0,0,0.0,0.0,0,0,0.0,0,0,0,0,2560.0,16.0,2621440.0,0.0,2621440.0,0.0,0.0,1.0,0.0,0.0,1.0,0.0,0.0,0.0,0.0,0.0,0.0,0.0,2621600.0,1
160,2684354560.0,0.0,0,0,0,0,0,0,0,0,0,0,0,0,0,0,0,0,0,0,0,0,0,0,0,0,0,0,0,0,0,0,0,0,0,0.0,0.0,0,262144,0,0,1024,1024,64,0,0,438,160,2621440.0,0,2621440.0,1572864.0,0.0,0,0,0,0,0,0.0,0,2621440.0,0.0,0,0,0,0,0,0,0.0,0,0.0,0.0,0,0,0.0,0,0,0,0,2560.0,16.0,2621440.0,0.0,2621440.0,0.0,0.0,1.0,0.0,0.0,1.0,0.0,0.0,0.0,0.0,0.0,0.0,0.0,5243040.0,1
160,0.0,16106127360.0,0,0,0,0,0,0,0,0,0,0,0,0,0,0,0,0,0,0,0,0,0,0,0,0,0,0,0,0,0,0,0,0,0,0.0,15360.0,0,262144,0,0,1048576,1048576,64,0,0,438,160,0.0,0,0.0,0.0,15360.0,0,0,0,0,0,0.0,0,0.0,0.0,0,0,0,0,0,0,0.0,0,0.0,15360.0,0,0,15360.0,0,0,0,0,15360.0,96.0,0.0,15360.0,15360.0,0.0,0.0,0.0,0.0,0.0,0.0,1.0,0.0,0.0,1.0,0.0,0.0,0.0,15520.0,1
160,0.0,16106127360.0,0,0,0,0,0,0,0,0,0,0,0,0,0,0,0,0,0,0,0,0,0,0,0,0,0,0,0,0,0,0,0,0,0,0.0,0.0,0,262144,0,0,1048576,1048576,64,0,0,438,160,0.0,0,15360.0,0.0,10752.0,0,0,0,0,0,0.0,0,0.0,0.0,0,0,0,0,0,0,0.0,0,0.0,15360.0,0,0,15360.0,0,0,0,0,15360.0,96.0,0.0,15360.0,15360.0,0.0,0.0,0.0,0.0,0.0,0.0,1.0,0.0,0.0,1.0,0.0,0.0,0.0,30880.0,1
160,8053063680.0,8053063680.0,0,0,0,0,0,0,0,0,0,0,0,0,0,0,0,0,0,0,0,0,0,0,0,0,0,0,0,0,0,0,0,0,0,7680.0,7680.0,0,262144,0,0,1048576,1048576,64,0,0,438,160,7680.0,0,0.0,7680.0,7680.0,0,0,0,0,0,0.0,0,0.0,7680.0,0,0,0,0,0,0,0.0,0,0.0,7680.0,0,0,7680.0,0,0,0,0,15360.0,96.0,7680.0,7680.0,15360.0,0.0,0.0,0.0,0.0,0.0,0.0,1.0,0.0,0.0,1.0,0.0,0.0,0.0,15520.0,1
160,8053063680.0,8053063680.0,0,0,0,0,0,0,0,0,0,0,0,0,0,0,0,0,0,0,0,0,0,0,0,0,0,0,0,0,0,0,0,0,0,0.0,0.0,0,262144,0,0,1048576,1048576,64,0,0,438,160,7680.0,0,15360.0,4608.0,5376.0,0,0,0,0,0,0.0,0,0.0,7680.0,0,0,0,0,0,0,0.0,0,0.0,7680.0,0,0,7680.0,0,0,0,0,15360.0,96.0,7680.0,7680.0,15360.0,0.0,0.0,0.0,0.0,0.0,0.0,1.0,0.0,0.0,1.0,0.0,0.0,0.0,30880.0,1
160,16106127360.0,0.0,0,0,0,0,0,0,0,0,0,0,0,0,0,0,0,0,0,0,0,0,0,0,0,0,0,0,0,0,0,0,0,0,0,15360.0,0.0,0,262144,0,0,1048576,1048576,64,0,0,438,160,15360.0,0,0.0,15360.0,0.0,0,0,0,0,0,0.0,0,0.0,15360.0,0,0,0,0,0,0,0.0,0,0.0,0.0,0,0,0.0,0,0,0,0,15360.0,96.0,15360.0,0.0,15360.0,0.0,0.0,0.0,0.0,0.0,0.0,1.0,0.0,0.0,1.0,0.0,0.0,0.0,15520.0,1
160,16106127360.0,0.0,0,0,0,0,0,0,0,0,0,0,0,0,0,0,0,0,0,0,0,0,0,0,0,0,0,0,0,0,0,0,0,0,0,0.0,0.0,0,262144,0,0,1048576,1048576,64,0,0,438,160,15360.0,0,15360.0,9216.0,0.0,0,0,0,0,0,0.0,0,0.0,15360.0,0,0,0,0,0,0,0.0,0,0.0,0.0,0,0,0.0,0,0,0,0,15360.0,96.0,15360.0,0.0,15360.0,0.0,0.0,0.0,0.0,0.0,0.0,1.0,0.0,0.0,1.0,0.0,0.0,0.0,30880.0,1
160,0.0,42949672960.0,0,0,0,0,0,0,0,0,0,0,0,0,0,0,0,0,0,0,0,0,0,0,0,0,0,0,0,0,0,0,0,0,0,0.0,40960.0,0,262144,0,0,1048576,1048576,64,0,0,438,160,0.0,0,0.0,0.0,40960.0,0,0,0,0,0,0.0,0,0.0,0.0,0,0,0,0,0,0,0.0,0,0.0,40960.0,0,0,40960.0,0,0,0,0,40960.0,256.0,0.0,40960.0,40960.0,0.0,0.0,0.0,0.0,0.0,0.0,1.0,0.0,0.0,1.0,0.0,0.0,0.0,41120.0,1
160,0.0,42949672960.0,0,0,0,0,0,0,0,0,0,0,0,0,0,0,0,0,0,0,0,0,0,0,0,0,0,0,0,0,0,0,0,0,0,0.0,0.0,0,262144,0,0,1048576,1048576,64,0,0,438,160,0.0,0,40960.0,0.0,28672.0,0,0,0,0,0,0.0,0,0.0,0.0,0,0,0,0,0,0,0.0,0,0.0,40960.0,0,0,40960.0,0,0,0,0,40960.0,256.0,0.0,40960.0,40960.0,0.0,0.0,0.0,0.0,0.0,0.0,1.0,0.0,0.0,1.0,0.0,0.0,0.0,82080.0,1
160,21474836480.0,21474836480.0,0,0,0,0,0,0,0,0,0,0,0,0,0,0,0,0,0,0,0,0,0,0,0,0,0,0,0,0,0,0,0,0,0,20480.0,20480.0,0,262144,0,0,1048576,1048576,64,0,0,438,160,20480.0,0,0.0,20480.0,20480.0,0,0,0,0,0,0.0,0,0.0,20480.0,0,0,0,0,0,0,0.0,0,0.0,20480.0,0,0,20480.0,0,0,0,0,40960.0,256.0,20480.0,20480.0,40960.0,0.0,0.0,0.0,0.0,0.0,0.0,1.0,0.0,0.0,1.0,0.0,0.0,0.0,41120.0,1
160,21474836480.0,21474836480.0,0,0,0,0,0,0,0,0,0,0,0,0,0,0,0,0,0,0,0,0,0,0,0,0,0,0,0,0,0,0,0,0,0,0.0,0.0,0,262144,0,0,1048576,1048576,64,0,0,438,160,20480.0,0,40960.0,12288.0,14336.0,0,0,0,0,0,0.0,0,0.0,20480.0,0,0,0,0,0,0,0.0,0,0.0,20480.0,0,0,20480.0,0,0,0,0,40960.0,256.0,20480.0,20480.0,40960.0,0.0,0.0,0.0,0.0,0.0,0.0,1.0,0.0,0.0,1.0,0.0,0.0,0.0,82080.0,1
160,42949672960.0,0.0,0,0,0,0,0,0,0,0,0,0,0,0,0,0,0,0,0,0,0,0,0,0,0,0,0,0,0,0,0,0,0,0,0,40960.0,0.0,0,262144,0,0,1048576,1048576,64,0,0,438,160,40960.0,0,0.0,40960.0,0.0,0,0,0,0,0,0.0,0,0.0,40960.0,0,0,0,0,0,0,0.0,0,0.0,0.0,0,0,0.0,0,0,0,0,40960.0,256.0,40960.0,0.0,40960.0,0.0,0.0,0.0,0.0,0.0,0.0,1.0,0.0,0.0,1.0,0.0,0.0,0.0,41120.0,1
160,42949672960.0,0.0,0,0,0,0,0,0,0,0,0,0,0,0,0,0,0,0,0,0,0,0,0,0,0,0,0,0,0,0,0,0,0,0,0,0.0,0.0,0,262144,0,0,1048576,1048576,64,0,0,438,160,40960.0,0,40960.0,24576.0,0.0,0,0,0,0,0,0.0,0,0.0,40960.0,0,0,0,0,0,0,0.0,0,0.0,0.0,0,0,0.0,0,0,0,0,40960.0,256.0,40960.0,0.0,40960.0,0.0,0.0,0.0,0.0,0.0,0.0,1.0,0.0,0.0,1.0,0.0,0.0,0.0,82080.0,1
160,0.0,167772160.0,0,0,0,0,0,0,0,0,0,0,0,0,0,0,0,0,0,0,0,0,0,0,0,0,0,0,0,0,0,0,0,0,0,0.0,160.0,0,262144,0,0,1048576,1048576,64,0,0,438,160,0.0,0,0.0,0.0,160.0,0,0,0,0,0,0.0,0,0.0,0.0,0,0,0,0,0,0,0.0,0,0.0,160.0,0,0,160.0,0,0,0,0,160.0,1.0,0.0,160.0,160.0,0.0,0.0,0.0,0.0,0.0,0.0,1.0,0.0,0.0,1.0,0.0,0.0,0.0,320.0,1
160,0.0,167772160.0,0,0,0,0,0,0,0,0,0,0,0,0,0,0,0,0,0,0,0,0,0,0,0,0,0,0,0,0,0,0,0,0,0,0.0,0.0,0,262144,0,0,1048576,1048576,64,0,0,438,160,0.0,0,160.0,0.0,112.0,0,0,0,0,0,0.0,0,0.0,0.0,0,0,0,0,0,0,0.0,0,0.0,160.0,0,0,160.0,0,0,0,0,160.0,1.0,0.0,160.0,160.0,0.0,0.0,0.0,0.0,0.0,0.0,1.0,0.0,0.0,1.0,0.0,0.0,0.0,480.0,1
160,83886080.0,83886080.0,0,0,0,0,0,0,0,0,0,0,0,0,0,0,0,0,0,0,0,0,0,0,0,0,0,0,0,0,0,0,0,0,0,80.0,80.0,0,262144,0,0,1048576,1048576,64,0,0,438,160,80.0,0,0.0,80.0,80.0,0,0,0,0,0,0.0,0,0.0,80.0,0,0,0,0,0,0,0.0,0,0.0,80.0,0,0,80.0,0,0,0,0,160.0,1.0,80.0,80.0,160.0,0.0,0.0,0.0,0.0,0.0,0.0,1.0,0.0,0.0,1.0,0.0,0.0,0.0,320.0,1
160,83886080.0,83886080.0,0,0,0,0,0,0,0,0,0,0,0,0,0,0,0,0,0,0,0,0,0,0,0,0,0,0,0,0,0,0,0,0,0,0.0,0.0,0,262144,0,0,1048576,1048576,64,0,0,438,160,80.0,0,160.0,48.0,56.0,0,0,0,0,0,0.0,0,0.0,80.0,0,0,0,0,0,0,0.0,0,0.0,80.0,0,0,80.0,0,0,0,0,160.0,1.0,80.0,80.0,160.0,0.0,0.0,0.0,0.0,0.0,0.0,1.0,0.0,0.0,1.0,0.0,0.0,0.0,480.0,1
160,167772160.0,0.0,0,0,0,0,0,0,0,0,0,0,0,0,0,0,0,0,0,0,0,0,0,0,0,0,0,0,0,0,0,0,0,0,0,160.0,0.0,0,262144,0,0,1048576,1048576,64,0,0,438,160,160.0,0,0.0,160.0,0.0,0,0,0,0,0,0.0,0,0.0,160.0,0,0,0,0,0,0,0.0,0,0.0,0.0,0,0,0.0,0,0,0,0,160.0,1.0,160.0,0.0,160.0,0.0,0.0,0.0,0.0,0.0,0.0,1.0,0.0,0.0,1.0,0.0,0.0,0.0,320.0,1
160,167772160.0,0.0,0,0,0,0,0,0,0,0,0,0,0,0,0,0,0,0,0,0,0,0,0,0,0,0,0,0,0,0,0,0,0,0,0,0.0,0.0,0,262144,0,0,1048576,1048576,64,0,0,438,160,160.0,0,160.0,96.0,0.0,0,0,0,0,0,0.0,0,0.0,160.0,0,0,0,0,0,0,0.0,0,0.0,0.0,0,0,0.0,0,0,0,0,160.0,1.0,160.0,0.0,160.0,0.0,0.0,0.0,0.0,0.0,0.0,1.0,0.0,0.0,1.0,0.0,0.0,0.0,480.0,1
160,0.0,2684354560.0,0,0,0,0,0,0,0,0,0,0,0,0,0,0,0,0,0,0,0,0,0,0,0,0,0,0,0,0,0,0,0,0,0,0.0,2560.0,0,262144,0,0,1048576,1048576,64,0,0,438,160,0.0,0,0.0,0.0,2560.0,0,0,0,0,0,0.0,0,0.0,0.0,0,0,0,0,0,0,0.0,0,0.0,2560.0,0,0,2560.0,0,0,0,0,2560.0,16.0,0.0,2560.0,2560.0,0.0,0.0,0.0,0.0,0.0,0.0,1.0,0.0,0.0,1.0,0.0,0.0,0.0,2720.0,1
160,0.0,2684354560.0,0,0,0,0,0,0,0,0,0,0,0,0,0,0,0,0,0,0,0,0,0,0,0,0,0,0,0,0,0,0,0,0,0,0.0,0.0,0,262144,0,0,1048576,1048576,64,0,0,438,160,0.0,0,2560.0,0.0,1792.0,0,0,0,0,0,0.0,0,0.0,0.0,0,0,0,0,0,0,0.0,0,0.0,2560.0,0,0,2560.0,0,0,0,0,2560.0,16.0,0.0,2560.0,2560.0,0.0,0.0,0.0,0.0,0.0,0.0,1.0,0.0,0.0,1.0,0.0,0.0,0.0,5280.0,1
160,1342177280.0,1342177280.0,0,0,0,0,0,0,0,0,0,0,0,0,0,0,0,0,0,0,0,0,0,0,0,0,0,0,0,0,0,0,0,0,0,1280.0,1280.0,0,262144,0,0,1048576,1048576,64,0,0,438,160,1280.0,0,0.0,1280.0,1280.0,0,0,0,0,0,0.0,0,0.0,1280.0,0,0,0,0,0,0,0.0,0,0.0,1280.0,0,0,1280.0,0,0,0,0,2560.0,16.0,1280.0,1280.0,2560.0,0.0,0.0,0.0,0.0,0.0,0.0,1.0,0.0,0.0,1.0,0.0,0.0,0.0,2720.0,1
160,1342177280.0,1342177280.0,0,0,0,0,0,0,0,0,0,0,0,0,0,0,0,0,0,0,0,0,0,0,0,0,0,0,0,0,0,0,0,0,0,0.0,0.0,0,262144,0,0,1048576,1048576,64,0,0,438,160,1280.0,0,2560.0,768.0,896.0,0,0,0,0,0,0.0,0,0.0,1280.0,0,0,0,0,0,0,0.0,0,0.0,1280.0,0,0,1280.0,0,0,0,0,2560.0,16.0,1280.0,1280.0,2560.0,0.0,0.0,0.0,0.0,0.0,0.0,1.0,0.0,0.0,1.0,0.0,0.0,0.0,5280.0,1
160,2684354560.0,0.0,0,0,0,0,0,0,0,0,0,0,0,0,0,0,0,0,0,0,0,0,0,0,0,0,0,0,0,0,0,0,0,0,0,2560.0,0.0,0,262144,0,0,1048576,1048576,64,0,0,438,160,2560.0,0,0.0,2560.0,0.0,0,0,0,0,0,0.0,0,0.0,2560.0,0,0,0,0,0,0,0.0,0,0.0,0.0,0,0,0.0,0,0,0,0,2560.0,16.0,2560.0,0.0,2560.0,0.0,0.0,0.0,0.0,0.0,0.0,1.0,0.0,0.0,1.0,0.0,0.0,0.0,2720.0,1
160,2684354560.0,0.0,0,0,0,0,0,0,0,0,0,0,0,0,0,0,0,0,0,0,0,0,0,0,0,0,0,0,0,0,0,0,0,0,0,0.0,0.0,0,262144,0,0,1048576,1048576,64,0,0,438,160,2560.0,0,2560.0,1536.0,0.0,0,0,0,0,0,0.0,0,0.0,2560.0,0,0,0,0,0,0,0.0,0,0.0,0.0,0,0,0.0,0,0,0,0,2560.0,16.0,2560.0,0.0,2560.0,0.0,0.0,0.0,0.0,0.0,0.0,1.0,0.0,0.0,1.0,0.0,0.0,0.0,5280.0,1
160,0.0,16106127360.0,0,0,0,0,0,0,0,0,0,0,0,0,0,0,0,0,0,0,0,0,0,0,0,0,0,0,0,0,0,0,0,0,0,0.0,960.0,0,262144,0,0,16777216,16777216,64,0,0,438,160,0.0,0,0.0,0.0,960.0,0,0,0,0,0,0.0,0,0.0,0.0,0,0,0,0,0,0,960.0,0,0.0,0.0,0,0,960.0,0,0,0,0,15360.0,96.0,0.0,960.0,960.0,0.0,0.0,0.0,0.0,0.0,0.0,0.0,0.0,1.0,1.0,0.0,0.0,0.0,1120.0,1
160,0.0,16106127360.0,0,0,0,0,0,0,0,0,0,0,0,0,0,0,0,0,0,0,0,0,0,0,0,0,0,0,0,0,0,0,0,0,0,0.0,0.0,0,262144,0,0,16777216,16777216,64,0,0,438,160,0.0,0,960.0,0.0,672.0,0,0,0,0,0,0.0,0,0.0,0.0,0,0,0,0,0,0,960.0,0,0.0,0.0,0,0,960.0,0,0,0,0,15360.0,96.0,0.0,960.0,960.0,0.0,0.0,0.0,0.0,0.0,0.0,0.0,0.0,1.0,1.0,0.0,0.0,0.0,2080.0,1
160,8053063680.0,8053063680.0,0,0,0,0,0,0,0,0,0,0,0,0,0,0,0,0,0,0,0,0,0,0,0,0,0,0,0,0,0,0,0,0,0,480.0,480.0,0,262144,0,0,16777216,16777216,64,0,0,438,160,480.0,0,0.0,480.0,480.0,0,0,0,0,0,480.0,0,0.0,0.0,0,0,0,0,0,0,480.0,0,0.0,0.0,0,0,480.0,0,0,0,0,15360.0,96.0,480.0,480.0,960.0,0.0,0.0,0.0,0.0,0.0,0.0,0.0,0.0,1.0,1.0,0.0,0.0,0.0,1120.0,1
160,8053063680.0,8053063680.0,0,0,0,0,0,0,0,0,0,0,0,0,0,0,0,0,0,0,0,0,0,0,0,0,0,0,0,0,0,0,0,0,0,0.0,0.0,0,262144,0,0,16777216,16777216,64,0,0,438,160,480.0,0,960.0,288.0,336.0,0,0,0,0,0,480.0,0,0.0,0.0,0,0,0,0,0,0,480.0,0,0.0,0.0,0,0,480.0,0,0,0,0,15360.0,96.0,480.0,480.0,960.0,0.0,0.0,0.0,0.0,0.0,0.0,0.0,0.0,1.0,1.0,0.0,0.0,0.0,2080.0,1
160,16106127360.0,0.0,0,0,0,0,0,0,0,0,0,0,0,0,0,0,0,0,0,0,0,0,0,0,0,0,0,0,0,0,0,0,0,0,0,960.0,0.0,0,262144,0,0,16777216,16777216,64,0,0,438,160,960.0,0,0.0,960.0,0.0,0,0,0,0,0,960.0,0,0.0,0.0,0,0,0,0,0,0,0.0,0,0.0,0.0,0,0,0.0,0,0,0,0,15360.0,96.0,960.0,0.0,960.0,0.0,0.0,0.0,0.0,0.0,0.0,0.0,0.0,1.0,1.0,0.0,0.0,0.0,1120.0,1
160,16106127360.0,0.0,0,0,0,0,0,0,0,0,0,0,0,0,0,0,0,0,0,0,0,0,0,0,0,0,0,0,0,0,0,0,0,0,0,0.0,0.0,0,262144,0,0,16777216,16777216,64,0,0,438,160,960.0,0,960.0,576.0,0.0,0,0,0,0,0,960.0,0,0.0,0.0,0,0,0,0,0,0,0.0,0,0.0,0.0,0,0,0.0,0,0,0,0,15360.0,96.0,960.0,0.0,960.0,0.0,0.0,0.0,0.0,0.0,0.0,0.0,0.0,1.0,1.0,0.0,0.0,0.0,2080.0,1
160,0.0,42949672960.0,0,0,0,0,0,0,0,0,0,0,0,0,0,0,0,0,0,0,0,0,0,0,0,0,0,0,0,0,0,0,0,0,0,0.0,2560.0,0,262144,0,0,16777216,16777216,64,0,0,438,160,0.0,0,0.0,0.0,2560.0,0,0,0,0,0,0.0,0,0.0,0.0,0,0,0,0,0,0,2560.0,0,0.0,0.0,0,0,2560.0,0,0,0,0,40960.0,256.0,0.0,2560.0,2560.0,0.0,0.0,0.0,0.0,0.0,0.0,0.0,0.0,1.0,1.0,0.0,0.0,0.0,2720.0,1
160,0.0,42949672960.0,0,0,0,0,0,0,0,0,0,0,0,0,0,0,0,0,0,0,0,0,0,0,0,0,0,0,0,0,0,0,0,0,0,0.0,0.0,0,262144,0,0,16777216,16777216,64,0,0,438,160,0.0,0,2560.0,0.0,1792.0,0,0,0,0,0,0.0,0,0.0,0.0,0,0,0,0,0,0,2560.0,0,0.0,0.0,0,0,2560.0,0,0,0,0,40960.0,256.0,0.0,2560.0,2560.0,0.0,0.0,0.0,0.0,0.0,0.0,0.0,0.0,1.0,1.0,0.0,0.0,0.0,5280.0,1
160,21474836480.0,21474836480.0,0,0,0,0,0,0,0,0,0,0,0,0,0,0,0,0,0,0,0,0,0,0,0,0,0,0,0,0,0,0,0,0,0,1280.0,1280.0,0,262144,0,0,16777216,16777216,64,0,0,438,160,1280.0,0,0.0,1280.0,1280.0,0,0,0,0,0,1280.0,0,0.0,0.0,0,0,0,0,0,0,1280.0,0,0.0,0.0,0,0,1280.0,0,0,0,0,40960.0,256.0,1280.0,1280.0,2560.0,0.0,0.0,0.0,0.0,0.0,0.0,0.0,0.0,1.0,1.0,0.0,0.0,0.0,2720.0,1
160,21474836480.0,21474836480.0,0,0,0,0,0,0,0,0,0,0,0,0,0,0,0,0,0,0,0,0,0,0,0,0,0,0,0,0,0,0,0,0,0,0.0,0.0,0,262144,0,0,16777216,16777216,64,0,0,438,160,1280.0,0,2560.0,768.0,896.0,0,0,0,0,0,1280.0,0,0.0,0.0,0,0,0,0,0,0,1280.0,0,0.0,0.0,0,0,1280.0,0,0,0,0,40960.0,256.0,1280.0,1280.0,2560.0,0.0,0.0,0.0,0.0,0.0,0.0,0.0,0.0,1.0,1.0,0.0,0.0,0.0,5280.0,1
160,42949672960.0,0.0,0,0,0,0,0,0,0,0,0,0,0,0,0,0,0,0,0,0,0,0,0,0,0,0,0,0,0,0,0,0,0,0,0,2560.0,0.0,0,262144,0,0,16777216,16777216,64,0,0,438,160,2560.0,0,0.0,2560.0,0.0,0,0,0,0,0,2560.0,0,0.0,0.0,0,0,0,0,0,0,0.0,0,0.0,0.0,0,0,0.0,0,0,0,0,40960.0,256.0,2560.0,0.0,2560.0,0.0,0.0,0.0,0.0,0.0,0.0,0.0,0.0,1.0,1.0,0.0,0.0,0.0,2720.0,1
160,42949672960.0,0.0,0,0,0,0,0,0,0,0,0,0,0,0,0,0,0,0,0,0,0,0,0,0,0,0,0,0,0,0,0,0,0,0,0,0.0,0.0,0,262144,0,0,16777216,16777216,64,0,0,438,160,2560.0,0,2560.0,1536.0,0.0,0,0,0,0,0,2560.0,0,0.0,0.0,0,0,0,0,0,0,0.0,0,0.0,0.0,0,0,0.0,0,0,0,0,40960.0,256.0,2560.0,0.0,2560.0,0.0,0.0,0.0,0.0,0.0,0.0,0.0,0.0,1.0,1.0,0.0,0.0,0.0,5280.0,1
160,0.0,167772160.0,0,0,0,0,0,0,0,0,0,0,0,0,0,0,0,0,0,0,0,0,0,0,0,0,0,0,0,0,0,0,0,0,0,0.0,10.0,0,262144,0,0,16777216,16777216,64,0,0,438,160,0.0,0,0.0,0.0,10.0,0,0,0,0,0,0.0,0,0.0,0.0,0,0,0,0,0,0,10.0,0,0.0,0.0,0,0,10.0,0,0,0,0,160.0,1.0,0.0,10.0,10.0,0.0,0.0,0.0,0.0,0.0,0.0,0.0,0.0,1.0,1.0,0.0,0.0,0.0,170.0,1
160,0.0,167772160.0,0,0,0,0,0,0,0,0,0,0,0,0,0,0,0,0,0,0,0,0,0,0,0,0,0,0,0,0,0,0,0,0,0,0.0,0.0,0,262144,0,0,16777216,16777216,64,0,0,438,160,0.0,0,10.0,0.0,7.0,0,0,0,0,0,0.0,0,0.0,0.0,0,0,0,0,0,0,10.0,0,0.0,0.0,0,0,10.0,0,0,0,0,160.0,1.0,0.0,10.0,10.0,0.0,0.0,0.0,0.0,0.0,0.0,0.0,0.0,1.0,1.0,0.0,0.0,0.0,180.0,1
160,83886080.0,83886080.0,0,0,0,0,0,0,0,0,0,0,0,0,0,0,0,0,0,0,0,0,0,0,0,0,0,0,0,0,0,0,0,0,0,5.0,5.0,0,262144,0,0,16777216,16777216,64,0,0,438,160,5.0,0,0.0,5.0,5.0,0,0,0,0,0,5.0,0,0.0,0.0,0,0,0,0,0,0,5.0,0,0.0,0.0,0,0,5.0,0,0,0,0,160.0,1.0,5.0,5.0,10.0,0.0,0.0,0.0,0.0,0.0,0.0,0.0,0.0,1.0,1.0,0.0,0.0,0.0,170.0,1
160,83886080.0,83886080.0,0,0,0,0,0,0,0,0,0,0,0,0,0,0,0,0,0,0,0,0,0,0,0,0,0,0,0,0,0,0,0,0,0,0.0,0.0,0,262144,0,0,16777216,16777216,64,0,0,438,160,5.0,0,10.0,3.0,3.5,0,0,0,0,0,5.0,0,0.0,0.0,0,0,0,0,0,0,5.0,0,0.0,0.0,0,0,5.0,0,0,0,0,160.0,1.0,5.0,5.0,10.0,0.0,0.0,0.0,0.0,0.0,0.0,0.0,0.0,1.0,1.0,0.0,0.0,0.0,180.0,1
160,167772160.0,0.0,0,0,0,0,0,0,0,0,0,0,0,0,0,0,0,0,0,0,0,0,0,0,0,0,0,0,0,0,0,0,0,0,0,10.0,0.0,0,262144,0,0,16777216,16777216,64,0,0,438,160,10.0,0,0.0,10.0,0.0,0,0,0,0,0,10.0,0,0.0,0.0,0,0,0,0,0,0,0.0,0,0.0,0.0,0,0,0.0,0,0,0,0,160.0,1.0,10.0,0.0,10.0,0.0,0.0,0.0,0.0,0.0,0.0,0.0,0.0,1.0,1.0,0.0,0.0,0.0,170.0,1
160,167772160.0,0.0,0,0,0,0,0,0,0,0,0,0,0,0,0,0,0,0,0,0,0,0,0,0,0,0,0,0,0,0,0,0,0,0,0,0.0,0.0,0,262144,0,0,16777216,16777216,64,0,0,438,160,10.0,0,10.0,6.0,0.0,0,0,0,0,0,10.0,0,0.0,0.0,0,0,0,0,0,0,0.0,0,0.0,0.0,0,0,0.0,0,0,0,0,160.0,1.0,10.0,0.0,10.0,0.0,0.0,0.0,0.0,0.0,0.0,0.0,0.0,1.0,1.0,0.0,0.0,0.0,180.0,1
160,0.0,2684354560.0,0,0,0,0,0,0,0,0,0,0,0,0,0,0,0,0,0,0,0,0,0,0,0,0,0,0,0,0,0,0,0,0,0,0.0,160.0,0,262144,0,0,16777216,16777216,64,0,0,438,160,0.0,0,0.0,0.0,160.0,0,0,0,0,0,0.0,0,0.0,0.0,0,0,0,0,0,0,160.0,0,0.0,0.0,0,0,160.0,0,0,0,0,2560.0,16.0,0.0,160.0,160.0,0.0,0.0,0.0,0.0,0.0,0.0,0.0,0.0,1.0,1.0,0.0,0.0,0.0,320.0,1
160,0.0,2684354560.0,0,0,0,0,0,0,0,0,0,0,0,0,0,0,0,0,0,0,0,0,0,0,0,0,0,0,0,0,0,0,0,0,0,0.0,0.0,0,262144,0,0,16777216,16777216,64,0,0,438,160,0.0,0,160.0,0.0,112.0,0,0,0,0,0,0.0,0,0.0,0.0,0,0,0,0,0,0,160.0,0,0.0,0.0,0,0,160.0,0,0,0,0,2560.0,16.0,0.0,160.0,160.0,0.0,0.0,0.0,0.0,0.0,0.0,0.0,0.0,1.0,1.0,0.0,0.0,0.0,480.0,1
160,1342177280.0,1342177280.0,0,0,0,0,0,0,0,0,0,0,0,0,0,0,0,0,0,0,0,0,0,0,0,0,0,0,0,0,0,0,0,0,0,80.0,80.0,0,262144,0,0,16777216,16777216,64,0,0,438,160,80.0,0,0.0,80.0,80.0,0,0,0,0,0,80.0,0,0.0,0.0,0,0,0,0,0,0,80.0,0,0.0,0.0,0,0,80.0,0,0,0,0,2560.0,16.0,80.0,80.0,160.0,0.0,0.0,0.0,0.0,0.0,0.0,0.0,0.0,1.0,1.0,0.0,0.0,0.0,320.0,1
160,1342177280.0,1342177280.0,0,0,0,0,0,0,0,0,0,0,0,0,0,0,0,0,0,0,0,0,0,0,0,0,0,0,0,0,0,0,0,0,0,0.0,0.0,0,262144,0,0,16777216,16777216,64,0,0,438,160,80.0,0,160.0,48.0,56.0,0,0,0,0,0,80.0,0,0.0,0.0,0,0,0,0,0,0,80.0,0,0.0,0.0,0,0,80.0,0,0,0,0,2560.0,16.0,80.0,80.0,160.0,0.0,0.0,0.0,0.0,0.0,0.0,0.0,0.0,1.0,1.0,0.0,0.0,0.0,480.0,1
160,2684354560.0,0.0,0,0,0,0,0,0,0,0,0,0,0,0,0,0,0,0,0,0,0,0,0,0,0,0,0,0,0,0,0,0,0,0,0,160.0,0.0,0,262144,0,0,16777216,16777216,64,0,0,438,160,160.0,0,0.0,160.0,0.0,0,0,0,0,0,160.0,0,0.0,0.0,0,0,0,0,0,0,0.0,0,0.0,0.0,0,0,0.0,0,0,0,0,2560.0,16.0,160.0,0.0,160.0,0.0,0.0,0.0,0.0,0.0,0.0,0.0,0.0,1.0,1.0,0.0,0.0,0.0,320.0,1
160,2684354560.0,0.0,0,0,0,0,0,0,0,0,0,0,0,0,0,0,0,0,0,0,0,0,0,0,0,0,0,0,0,0,0,0,0,0,0,0.0,0.0,0,262144,0,0,16777216,16777216,64,0,0,438,160,160.0,0,160.0,96.0,0.0,0,0,0,0,0,160.0,0,0.0,0.0,0,0,0,0,0,0,0.0,0,0.0,0.0,0,0,0.0,0,0,0,0,2560.0,16.0,160.0,0.0,160.0,0.0,0.0,0.0,0.0,0.0,0.0,0.0,0.0,1.0,1.0,0.0,0.0,0.0,480.0,1
320,0.0,32212254720.0,0,0,0,0,0,0,0,0,0,0,0,0,0,0,0,0,0,0,0,0,0,0,0,0,0,0,0,0,0,0,0,0,0,0.0,31457280.0,0,262144,0,0,1024,1024,64,0,0,438,320,0.0,0,0.0,0.0,31457280.0,0,0,0,0,0,0.0,0,0.0,0.0,0,0,0,0,0,0,0.0,0,31457280.0,0.0,0,0,31457280.0,0,0,0,0,30720.0,96.0,0.0,31457280.0,31457280.0,0.0,0.0,1.0,0.0,0.0,1.0,0.0,0.0,0.0,0.0,0.0,0.0,0.0,31457600.0,1
320,0.0,32212254720.0,0,0,0,0,0,0,0,0,0,0,0,0,0,0,0,0,0,0,0,0,0,0,0,0,0,0,0,0,0,0,0,0,0,0.0,0.0,0,262144,0,0,1024,1024,64,0,0,438,320,0.0,0,31457280.0,0.0,22020096.0,0,0,0,0,0,0.0,0,0.0,0.0,0,0,0,0,0,0,0.0,0,31457280.0,0.0,0,0,31457280.0,0,0,0,0,30720.0,96.0,0.0,31457280.0,31457280.0,0.0,0.0,1.0,0.0,0.0,1.0,0.0,0.0,0.0,0.0,0.0,0.0,0.0,62914880.0,1
320,16106127360.0,16106127360.0,0,0,0,0,0,0,0,0,0,0,0,0,0,0,0,0,0,0,0,0,0,0,0,0,0,0,0,0,0,0,0,0,0,15728640.0,15728640.0,0,262144,0,0,1024,1024,64,0,0,438,320,15728640.0,0,0.0,15728640.0,15728640.0,0,0,0,0,0,0.0,0,15728640.0,0.0,0,0,0,0,0,0,0.0,0,15728640.0,0.0,0,0,15728640.0,0,0,0,0,30720.0,96.0,15728640.0,15728640.0,31457280.0,0.0,0.0,1.0,0.0,0.0,1.0,0.0,0.0,0.0,0.0,0.0,0.0,0.0,31457600.0,1
320,16106127360.0,16106127360.0,0,0,0,0,0,0,0,0,0,0,0,0,0,0,0,0,0,0,0,0,0,0,0,0,0,0,0,0,0,0,0,0,0,0.0,0.0,0,262144,0,0,1024,1024,64,0,0,438,320,15728640.0,0,31457280.0,9437184.0,11010048.0,0,0,0,0,0,0.0,0,15728640.0,0.0,0,0,0,0,0,0,0.0,0,15728640.0,0.0,0,0,15728640.0,0,0,0,0,30720.0,96.0,15728640.0,15728640.0,31457280.0,0.0,0.0,1.0,0.0,0.0,1.0,0.0,0.0,0.0,0.0,0.0,0.0,0.0,62914880.0,1
320,32212254720.0,0.0,0,0,0,0,0,0,0,0,0,0,0,0,0,0,0,0,0,0,0,0,0,0,0,0,0,0,0,0,0,0,0,0,0,31457280.0,0.0,0,262144,0,0,1024,1024,64,0,0,438,320,31457280.0,0,0.0,31457280.0,0.0,0,0,0,0,0,0.0,0,31457280.0,0.0,0,0,0,0,0,0,0.0,0,0.0,0.0,0,0,0.0,0,0,0,0,30720.0,96.0,31457280.0,0.0,31457280.0,0.0,0.0,1.0,0.0,0.0,1.0,0.0,0.0,0.0,0.0,0.0,0.0,0.0,31457600.0,1
320,32212254720.0,0.0,0,0,0,0,0,0,0,0,0,0,0,0,0,0,0,0,0,0,0,0,0,0,0,0,0,0,0,0,0,0,0,0,0,0.0,0.0,0,262144,0,0,1024,1024,64,0,0,438,320,31457280.0,0,31457280.0,18874368.0,0.0,0,0,0,0,0,0.0,0,31457280.0,0.0,0,0,0,0,0,0,0.0,0,0.0,0.0,0,0,0.0,0,0,0,0,30720.0,96.0,31457280.0,0.0,31457280.0,0.0,0.0,1.0,0.0,0.0,1.0,0.0,0.0,0.0,0.0,0.0,0.0,0.0,62914880.0,1
320,0.0,85899345920.0,0,0,0,0,0,0,0,0,0,0,0,0,0,0,0,0,0,0,0,0,0,0,0,0,0,0,0,0,0,0,0,0,0,0.0,83886080.0,0,262144,0,0,1024,1024,64,0,0,438,320,0.0,0,0.0,0.0,83886080.0,0,0,0,0,0,0.0,0,0.0,0.0,0,0,0,0,0,0,0.0,0,83886080.0,0.0,0,0,83886080.0,0,0,0,0,81920.0,256.0,0.0,83886080.0,83886080.0,0.0,0.0,1.0,0.0,0.0,1.0,0.0,0.0,0.0,0.0,0.0,0.0,0.0,83886400.0,1
320,0.0,85899345920.0,0,0,0,0,0,0,0,0,0,0,0,0,0,0,0,0,0,0,0,0,0,0,0,0,0,0,0,0,0,0,0,0,0,0.0,0.0,0,262144,0,0,1024,1024,64,0,0,438,320,0.0,0,83886080.0,0.0,58720256.0,0,0,0,0,0,0.0,0,0.0,0.0,0,0,0,0,0,0,0.0,0,83886080.0,0.0,0,0,83886080.0,0,0,0,0,81920.0,256.0,0.0,83886080.0,83886080.0,0.0,0.0,1.0,0.0,0.0,1.0,0.0,0.0,0.0,0.0,0.0,0.0,0.0,167772480.0,1
320,42949672960.0,42949672960.0,0,0,0,0,0,0,0,0,0,0,0,0,0,0,0,0,0,0,0,0,0,0,0,0,0,0,0,0,0,0,0,0,0,41943040.0,41943040.0,0,262144,0,0,1024,1024,64,0,0,438,320,41943040.0,0,0.0,41943040.0,41943040.0,0,0,0,0,0,0.0,0,41943040.0,0.0,0,0,0,0,0,0,0.0,0,41943040.0,0.0,0,0,41943040.0,0,0,0,0,81920.0,256.0,41943040.0,41943040.0,83886080.0,0.0,0.0,1.0,0.0,0.0,1.0,0.0,0.0,0.0,0.0,0.0,0.0,0.0,83886400.0,1
320,42949672960.0,42949672960.0,0,0,0,0,0,0,0,0,0,0,0,0,0,0,0,0,0,0,0,0,0,0,0,0,0,0,0,0,0,0,0,0,0,0.0,0.0,0,262144,0,0,1024,1024,64,0,0,438,320,41943040.0,0,83886080.0,25165824.0,29360128.0,0,0,0,0,0,0.0,0,41943040.0,0.0,0,0,0,0,0,0,0.0,0,41943040.0,0.0,0,0,41943040.0,0,0,0,0,81920.0,256.0,41943040.0,41943040.0,83886080.0,0.0,0.0,1.0,0.0,0.0,1.0,0.0,0.0,0.0,0.0,0.0,0.0,0.0,167772480.0,1
320,85899345920.0,0.0,0,0,0,0,0,0,0,0,0,0,0,0,0,0,0,0,0,0,0,0,0,0,0,0,0,0,0,0,0,0,0,0,0,83886080.0,0.0,0,262144,0,0,1024,1024,64,0,0,438,320,83886080.0,0,0.0,83886080.0,0.0,0,0,0,0,0,0.0,0,83886080.0,0.0,0,0,0,0,0,0,0.0,0,0.0,0.0,0,0,0.0,0,0,0,0,81920.0,256.0,83886080.0,0.0,83886080.0,0.0,0.0,1.0,0.0,0.0,1.0,0.0,0.0,0.0,0.0,0.0,0.0,0.0,83886400.0,1
320,85899345920.0,0.0,0,0,0,0,0,0,0,0,0,0,0,0,0,0,0,0,0,0,0,0,0,0,0,0,0,0,0,0,0,0,0,0,0,0.0,0.0,0,262144,0,0,1024,1024,64,0,0,438,320,83886080.0,0,83886080.0,50331648.0,0.0,0,0,0,0,0,0.0,0,83886080.0,0.0,0,0,0,0,0,0,0.0,0,0.0,0.0,0,0,0.0,0,0,0,0,81920.0,256.0,83886080.0,0.0,83886080.0,0.0,0.0,1.0,0.0,0.0,1.0,0.0,0.0,0.0,0.0,0.0,0.0,0.0,167772480.0,1
320,0.0,335544320.0,0,0,0,0,0,0,0,0,0,0,0,0,0,0,0,0,0,0,0,0,0,0,0,0,0,0,0,0,0,0,0,0,0,0.0,327680.0,0,262144,0,0,1024,1024,64,0,0,438,320,0.0,0,0.0,0.0,327680.0,0,0,0,0,0,0.0,0,0.0,0.0,0,0,0,0,0,0,0.0,0,327680.0,0.0,0,0,327680.0,0,0,0,0,320.0,1.0,0.0,327680.0,327680.0,0.0,0.0,1.0,0.0,0.0,1.0,0.0,0.0,0.0,0.0,0.0,0.0,0.0,328000.0,1
320,0.0,335544320.0,0,0,0,0,0,0,0,0,0,0,0,0,0,0,0,0,0,0,0,0,0,0,0,0,0,0,0,0,0,0,0,0,0,0.0,0.0,0,262144,0,0,1024,1024,64,0,0,438,320,0.0,0,327680.0,0.0,229376.0,0,0,0,0,0,0.0,0,0.0,0.0,0,0,0,0,0,0,0.0,0,327680.0,0.0,0,0,327680.0,0,0,0,0,320.0,1.0,0.0,327680.0,327680.0,0.0,0.0,1.0,0.0,0.0,1.0,0.0,0.0,0.0,0.0,0.0,0.0,0.0,655680.0,1
320,167772160.0,167772160.0,0,0,0,0,0,0,0,0,0,0,0,0,0,0,0,0,0,0,0,0,0,0,0,0,0,0,0,0,0,0,0,0,0,163840.0,163840.0,0,262144,0,0,1024,1024,64,0,0,438,320,163840.0,0,0.0,163840.0,163840.0,0,0,0,0,0,0.0,0,163840.0,0.0,0,0,0,0,0,0,0.0,0,163840.0,0.0,0,0,163840.0,0,0,0,0,320.0,1.0,163840.0,163840.0,327680.0,0.0,0.0,1.0,0.0,0.0,1.0,0.0,0.0,0.0,0.0,0.0,0.0,0.0,328000.0,1
320,167772160.0,167772160.0,0,0,0,0,0,0,0,0,0,0,0,0,0,0,0,0,0,0,0,0,0,0,0,0,0,0,0,0,0,0,0,0,0,0.0,0.0,0,262144,0,0,1024,1024,64,0,0,438,320,163840.0,0,327680.0,98304.0,114688.0,0,0,0,0,0,0.0,0,163840.0,0.0,0,0,0,0,0,0,0.0,0,163840.0,0.0,0,0,163840.0,0,0,0,0,320.0,1.0,163840.0,163840.0,327680.0,0.0,0.0,1.0,0.0,0.0,1.0,0.0,0.0,0.0,0.0,0.0,0.0,0.0,655680.0,1
320,335544320.0,0.0,0,0,0,0,0,0,0,0,0,0,0,0,0,0,0,0,0,0,0,0,0,0,0,0,0,0,0,0,0,0,0,0,0,327680.0,0.0,0,262144,0,0,1024,1024,64,0,0,438,320,327680.0,0,0.0,327680.0,0.0,0,0,0,0,0,0.0,0,327680.0,0.0,0,0,0,0,0,0,0.0,0,0.0,0.0,0,0,0.0,0,0,0,0,320.0,1.0,327680.0,0.0,327680.0,0.0,0.0,1.0,0.0,0.0,1.0,0.0,0.0,0.0,0.0,0.0,0.0,0.0,328000.0,1
320,335544320.0,0.0,0,0,0,0,0,0,0,0,0,0,0,0,0,0,0,0,0,0,0,0,0,0,0,0,0,0,0,0,0,0,0,0,0,0.0,0.0,0,262144,0,0,1024,1024,64,0,0,438,320,327680.0,0,327680.0,196608.0,0.0,0,0,0,0,0,0.0,0,327680.0,0.0,0,0,0,0,0,0,0.0,0,0.0,0.0,0,0,0.0,0,0,0,0,320.0,1.0,327680.0,0.0,327680.0,0.0,0.0,1.0,0.0,0.0,1.0,0.0,0.0,0.0,0.0,0.0,0.0,0.0,655680.0,1
320,0.0,5368709120.0,0,0,0,0,0,0,0,0,0,0,0,0,0,0,0,0,0,0,0,0,0,0,0,0,0,0,0,0,0,0,0,0,0,0.0,5242880.0,0,262144,0,0,1024,1024,64,0,0,438,320,0.0,0,0.0,0.0,5242880.0,0,0,0,0,0,0.0,0,0.0,0.0,0,0,0,0,0,0,0.0,0,5242880.0,0.0,0,0,5242880.0,0,0,0,0,5120.0,16.0,0.0,5242880.0,5242880.0,0.0,0.0,1.0,0.0,0.0,1.0,0.0,0.0,0.0,0.0,0.0,0.0,0.0,5243200.0,1
320,0.0,5368709120.0,0,0,0,0,0,0,0,0,0,0,0,0,0,0,0,0,0,0,0,0,0,0,0,0,0,0,0,0,0,0,0,0,0,0.0,0.0,0,262144,0,0,1024,1024,64,0,0,438,320,0.0,0,5242880.0,0.0,3670016.0,0,0,0,0,0,0.0,0,0.0,0.0,0,0,0,0,0,0,0.0,0,5242880.0,0.0,0,0,5242880.0,0,0,0,0,5120.0,16.0,0.0,5242880.0,5242880.0,0.0,0.0,1.0,0.0,0.0,1.0,0.0,0.0,0.0,0.0,0.0,0.0,0.0,10486080.0,1
320,2684354560.0,2684354560.0,0,0,0,0,0,0,0,0,0,0,0,0,0,0,0,0,0,0,0,0,0,0,0,0,0,0,0,0,0,0,0,0,0,2621440.0,2621440.0,0,262144,0,0,1024,1024,64,0,0,438,320,2621440.0,0,0.0,2621440.0,2621440.0,0,0,0,0,0,0.0,0,2621440.0,0.0,0,0,0,0,0,0,0.0,0,2621440.0,0.0,0,0,2621440.0,0,0,0,0,5120.0,16.0,2621440.0,2621440.0,5242880.0,0.0,0.0,1.0,0.0,0.0,1.0,0.0,0.0,0.0,0.0,0.0,0.0,0.0,5243200.0,1
320,2684354560.0,2684354560.0,0,0,0,0,0,0,0,0,0,0,0,0,0,0,0,0,0,0,0,0,0,0,0,0,0,0,0,0,0,0,0,0,0,0.0,0.0,0,262144,0,0,1024,1024,64,0,0,438,320,2621440.0,0,5242880.0,1572864.0,1835008.0,0,0,0,0,0,0.0,0,2621440.0,0.0,0,0,0,0,0,0,0.0,0,2621440.0,0.0,0,0,2621440.0,0,0,0,0,5120.0,16.0,2621440.0,2621440.0,5242880.0,0.0,0.0,1.0,0.0,0.0,1.0,0.0,0.0,0.0,0.0,0.0,0.0,0.0,10486080.0,1
320,5368709120.0,0.0,0,0,0,0,0,0,0,0,0,0,0,0,0,0,0,0,0,0,0,0,0,0,0,0,0,0,0,0,0,0,0,0,0,5242880.0,0.0,0,262144,0,0,1024,1024,64,0,0,438,320,5242880.0,0,0.0,5242880.0,0.0,0,0,0,0,0,0.0,0,5242880.0,0.0,0,0,0,0,0,0,0.0,0,0.0,0.0,0,0,0.0,0,0,0,0,5120.0,16.0,5242880.0,0.0,5242880.0,0.0,0.0,1.0,0.0,0.0,1.0,0.0,0.0,0.0,0.0,0.0,0.0,0.0,5243200.0,1
320,5368709120.0,0.0,0,0,0,0,0,0,0,0,0,0,0,0,0,0,0,0,0,0,0,0,0,0,0,0,0,0,0,0,0,0,0,0,0,0.0,0.0,0,262144,0,0,1024,1024,64,0,0,438,320,5242880.0,0,5242880.0,3145728.0,0.0,0,0,0,0,0,0.0,0,5242880.0,0.0,0,0,0,0,0,0,0.0,0,0.0,0.0,0,0,0.0,0,0,0,0,5120.0,16.0,5242880.0,0.0,5242880.0,0.0,0.0,1.0,0.0,0.0,1.0,0.0,0.0,0.0,0.0,0.0,0.0,0.0,10486080.0,1
320,0.0,32212254720.0,0,0,0,0,0,0,0,0,0,0,0,0,0,0,0,0,0,0,0,0,0,0,0,0,0,0,0,0,0,0,0,0,0,0.0,30720.0,0,262144,0,0,1048576,1048576,64,0,0,438,320,0.0,0,0.0,0.0,30720.0,0,0,0,0,0,0.0,0,0.0,0.0,0,0,0,0,0,0,0.0,0,0.0,30720.0,0,0,30720.0,0,0,0,0,30720.0,96.0,0.0,30720.0,30720.0,0.0,0.0,0.0,0.0,0.0,0.0,1.0,0.0,0.0,1.0,0.0,0.0,0.0,31040.0,1
320,0.0,32212254720.0,0,0,0,0,0,0,0,0,0,0,0,0,0,0,0,0,0,0,0,0,0,0,0,0,0,0,0,0,0,0,0,0,0,0.0,0.0,0,262144,0,0,1048576,1048576,64,0,0,438,320,0.0,0,30720.0,0.0,21504.0,0,0,0,0,0,0.0,0,0.0,0.0,0,0,0,0,0,0,0.0,0,0.0,30720.0,0,0,30720.0,0,0,0,0,30720.0,96.0,0.0,30720.0,30720.0,0.0,0.0,0.0,0.0,0.0,0.0,1.0,0.0,0.0,1.0,0.0,0.0,0.0,61760.0,1
320,16106127360.0,16106127360.0,0,0,0,0,0,0,0,0,0,0,0,0,0,0,0,0,0,0,0,0,0,0,0,0,0,0,0,0,0,0,0,0,0,15360.0,15360.0,0,262144,0,0,1048576,1048576,64,0,0,438,320,15360.0,0,0.0,15360.0,15360.0,0,0,0,0,0,0.0,0,0.0,15360.0,0,0,0,0,0,0,0.0,0,0.0,15360.0,0,0,15360.0,0,0,0,0,30720.0,96.0,15360.0,15360.0,30720.0,0.0,0.0,0.0,0.0,0.0,0.0,1.0,0.0,0.0,1.0,0.0,0.0,0.0,31040.0,1
320,16106127360.0,16106127360.0,0,0,0,0,0,0,0,0,0,0,0,0,0,0,0,0,0,0,0,0,0,0,0,0,0,0,0,0,0,0,0,0,0,0.0,0.0,0,262144,0,0,1048576,1048576,64,0,0,438,320,15360.0,0,30720.0,9216.0,10752.0,0,0,0,0,0,0.0,0,0.0,15360.0,0,0,0,0,0,0,0.0,0,0.0,15360.0,0,0,15360.0,0,0,0,0,30720.0,96.0,15360.0,15360.0,30720.0,0.0,0.0,0.0,0.0,0.0,0.0,1.0,0.0,0.0,1.0,0.0,0.0,0.0,61760.0,1
320,32212254720.0,0.0,0,0,0,0,0,0,0,0,0,0,0,0,0,0,0,0,0,0,0,0,0,0,0,0,0,0,0,0,0,0,0,0,0,30720.0,0.0,0,262144,0,0,1048576,1048576,64,0,0,438,320,30720.0,0,0.0,30720.0,0.0,0,0,0,0,0,0.0,0,0.0,30720.0,0,0,0,0,0,0,0.0,0,0.0,0.0,0,0,0.0,0,0,0,0,30720.0,96.0,30720.0,0.0,30720.0,0.0,0.0,0.0,0.0,0.0,0.0,1.0,0.0,0.0,1.0,0.0,0.0,0.0,31040.0,1
320,32212254720.0,0.0,0,0,0,0,0,0,0,0,0,0,0,0,0,0,0,0,0,0,0,0,0,0,0,0,0,0,0,0,0,0,0,0,0,0.0,0.0,0,262144,0,0,1048576,1048576,64,0,0,438,320,30720.0,0,30720.0,18432.0,0.0,0,0,0,0,0,0.0,0,0.0,30720.0,0,0,0,0,0,0,0.0,0,0.0,0.0,0,0,0.0,0,0,0,0,30720.0,96.0,30720.0,0.0,30720.0,0.0,0.0,0.0,0.0,0.0,0.0,1.0,0.0,0.0,1.0,0.0,0.0,0.0,61760.0,1
320,0.0,85899345920.0,0,0,0,0,0,0,0,0,0,0,0,0,0,0,0,0,0,0,0,0,0,0,0,0,0,0,0,0,0,0,0,0,0,0.0,81920.0,0,262144,0,0,1048576,1048576,64,0,0,438,320,0.0,0,0.0,0.0,81920.0,0,0,0,0,0,0.0,0,0.0,0.0,0,0,0,0,0,0,0.0,0,0.0,81920.0,0,0,81920.0,0,0,0,0,81920.0,256.0,0.0,81920.0,81920.0,0.0,0.0,0.0,0.0,0.0,0.0,1.0,0.0,0.0,1.0,0.0,0.0,0.0,82240.0,1
320,0.0,85899345920.0,0,0,0,0,0,0,0,0,0,0,0,0,0,0,0,0,0,0,0,0,0,0,0,0,0,0,0,0,0,0,0,0,0,0.0,0.0,0,262144,0,0,1048576,1048576,64,0,0,438,320,0.0,0,81920.0,0.0,57344.0,0,0,0,0,0,0.0,0,0.0,0.0,0,0,0,0,0,0,0.0,0,0.0,81920.0,0,0,81920.0,0,0,0,0,81920.0,256.0,0.0,81920.0,81920.0,0.0,0.0,0.0,0.0,0.0,0.0,1.0,0.0,0.0,1.0,0.0,0.0,0.0,164160.0,1
320,42949672960.0,42949672960.0,0,0,0,0,0,0,0,0,0,0,0,0,0,0,0,0,0,0,0,0,0,0,0,0,0,0,0,0,0,0,0,0,0,40960.0,40960.0,0,262144,0,0,1048576,1048576,64,0,0,438,320,40960.0,0,0.0,40960.0,40960.0,0,0,0,0,0,0.0,0,0.0,40960.0,0,0,0,0,0,0,0.0,0,0.0,40960.0,0,0,40960.0,0,0,0,0,81920.0,256.0,40960.0,40960.0,81920.0,0.0,0.0,0.0,0.0,0.0,0.0,1.0,0.0,0.0,1.0,0.0,0.0,0.0,82240.0,1
320,42949672960.0,42949672960.0,0,0,0,0,0,0,0,0,0,0,0,0,0,0,0,0,0,0,0,0,0,0,0,0,0,0,0,0,0,0,0,0,0,0.0,0.0,0,262144,0,0,1048576,1048576,64,0,0,438,320,40960.0,0,81920.0,24576.0,28672.0,0,0,0,0,0,0.0,0,0.0,40960.0,0,0,0,0,0,0,0.0,0,0.0,40960.0,0,0,40960.0,0,0,0,0,81920.0,256.0,40960.0,40960.0,81920.0,0.0,0.0,0.0,0.0,0.0,0.0,1.0,0.0,0.0,1.0,0.0,0.0,0.0,164160.0,1
320,85899345920.0,0.0,0,0,0,0,0,0,0,0,0,0,0,0,0,0,0,0,0,0,0,0,0,0,0,0,0,0,0,0,0,0,0,0,0,81920.0,0.0,0,262144,0,0,1048576,1048576,64,0,0,438,320,81920.0,0,0.0,81920.0,0.0,0,0,0,0,0,0.0,0,0.0,81920.0,0,0,0,0,0,0,0.0,0,0.0,0.0,0,0,0.0,0,0,0,0,81920.0,256.0,81920.0,0.0,81920.0,0.0,0.0,0.0,0.0,0.0,0.0,1.0,0.0,0.0,1.0,0.0,0.0,0.0,82240.0,1
320,85899345920.0,0.0,0,0,0,0,0,0,0,0,0,0,0,0,0,0,0,0,0,0,0,0,0,0,0,0,0,0,0,0,0,0,0,0,0,0.0,0.0,0,262144,0,0,1048576,1048576,64,0,0,438,320,81920.0,0,81920.0,49152.0,0.0,0,0,0,0,0,0.0,0,0.0,81920.0,0,0,0,0,0,0,0.0,0,0.0,0.0,0,0,0.0,0,0,0,0,81920.0,256.0,81920.0,0.0,81920.0,0.0,0.0,0.0,0.0,0.0,0.0,1.0,0.0,0.0,1.0,0.0,0.0,0.0,164160.0,1
320,0.0,335544320.0,0,0,0,0,0,0,0,0,0,0,0,0,0,0,0,0,0,0,0,0,0,0,0,0,0,0,0,0,0,0,0,0,0,0.0,320.0,0,262144,0,0,1048576,1048576,64,0,0,438,320,0.0,0,0.0,0.0,320.0,0,0,0,0,0,0.0,0,0.0,0.0,0,0,0,0,0,0,0.0,0,0.0,320.0,0,0,320.0,0,0,0,0,320.0,1.0,0.0,320.0,320.0,0.0,0.0,0.0,0.0,0.0,0.0,1.0,0.0,0.0,1.0,0.0,0.0,0.0,640.0,1
320,0.0,335544320.0,0,0,0,0,0,0,0,0,0,0,0,0,0,0,0,0,0,0,0,0,0,0,0,0,0,0,0,0,0,0,0,0,0,0.0,0.0,0,262144,0,0,1048576,1048576,64,0,0,438,320,0.0,0,320.0,0.0,224.0,0,0,0,0,0,0.0,0,0.0,0.0,0,0,0,0,0,0,0.0,0,0.0,320.0,0,0,320.0,0,0,0,0,320.0,1.0,0.0,320.0,320.0,0.0,0.0,0.0,0.0,0.0,0.0,1.0,0.0,0.0,1.0,0.0,0.0,0.0,960.0,1
320,167772160.0,167772160.0,0,0,0,0,0,0,0,0,0,0,0,0,0,0,0,0,0,0,0,0,0,0,0,0,0,0,0,0,0,0,0,0,0,160.0,160.0,0,262144,0,0,1048576,1048576,64,0,0,438,320,160.0,0,0.0,160.0,160.0,0,0,0,0,0,0.0,0,0.0,160.0,0,0,0,0,0,0,0.0,0,0.0,160.0,0,0,160.0,0,0,0,0,320.0,1.0,160.0,160.0,320.0,0.0,0.0,0.0,0.0,0.0,0.0,1.0,0.0,0.0,1.0,0.0,0.0,0.0,640.0,1
320,167772160.0,167772160.0,0,0,0,0,0,0,0,0,0,0,0,0,0,0,0,0,0,0,0,0,0,0,0,0,0,0,0,0,0,0,0,0,0,0.0,0.0,0,262144,0,0,1048576,1048576,64,0,0,438,320,160.0,0,320.0,96.0,112.0,0,0,0,0,0,0.0,0,0.0,160.0,0,0,0,0,0,0,0.0,0,0.0,160.0,0,0,160.0,0,0,0,0,320.0,1.0,160.0,160.0,320.0,0.0,0.0,0.0,0.0,0.0,0.0,1.0,0.0,0.0,1.0,0.0,0.0,0.0,960.0,1
320,335544320.0,0.0,0,0,0,0,0,0,0,0,0,0,0,0,0,0,0,0,0,0,0,0,0,0,0,0,0,0,0,0,0,0,0,0,0,320.0,0.0,0,262144,0,0,1048576,1048576,64,0,0,438,320,320.0,0,0.0,320.0,0.0,0,0,0,0,0,0.0,0,0.0,320.0,0,0,0,0,0,0,0.0,0,0.0,0.0,0,0,0.0,0,0,0,0,320.0,1.0,320.0,0.0,320.0,0.0,0.0,0.0,0.0,0.0,0.0,1.0,0.0,0.0,1.0,0.0,0.0,0.0,640.0,1
320,335544320.0,0.0,0,0,0,0,0,0,0,0,0,0,0,0,0,0,0,0,0,0,0,0,0,0,0,0,0,0,0,0,0,0,0,0,0,0.0,0.0,0,262144,0,0,1048576,1048576,64,0,0,438,320,320.0,0,320.0,192.0,0.0,0,0,0,0,0,0.0,0,0.0,320.0,0,0,0,0,0,0,0.0,0,0.0,0.0,0,0,0.0,0,0,0,0,320.0,1.0,320.0,0.0,320.0,0.0,0.0,0.0,0.0,0.0,0.0,1.0,0.0,0.0,1.0,0.0,0.0,0.0,960.0,1
320,0.0,5368709120.0,0,0,0,0,0,0,0,0,0,0,0,0,0,0,0,0,0,0,0,0,0,0,0,0,0,0,0,0,0,0,0,0,0,0.0,5120.0,0,262144,0,0,1048576,1048576,64,0,0,438,320,0.0,0,0.0,0.0,5120.0,0,0,0,0,0,0.0,0,0.0,0.0,0,0,0,0,0,0,0.0,0,0.0,5120.0,0,0,5120.0,0,0,0,0,5120.0,16.0,0.0,5120.0,5120.0,0.0,0.0,0.0,0.0,0.0,0.0,1.0,0.0,0.0,1.0,0.0,0.0,0.0,5440.0,1
320,0.0,5368709120.0,0,0,0,0,0,0,0,0,0,0,0,0,0,0,0,0,0,0,0,0,0,0,0,0,0,0,0,0,0,0,0,0,0,0.0,0.0,0,262144,0,0,1048576,1048576,64,0,0,438,320,0.0,0,5120.0,0.0,3584.0,0,0,0,0,0,0.0,0,0.0,0.0,0,0,0,0,0,0,0.0,0,0.0,5120.0,0,0,5120.0,0,0,0,0,5120.0,16.0,0.0,5120.0,5120.0,0.0,0.0,0.0,0.0,0.0,0.0,1.0,0.0,0.0,1.0,0.0,0.0,0.0,10560.0,1
320,2684354560.0,2684354560.0,0,0,0,0,0,0,0,0,0,0,0,0,0,0,0,0,0,0,0,0,0,0,0,0,0,0,0,0,0,0,0,0,0,2560.0,2560.0,0,262144,0,0,1048576,1048576,64,0,0,438,320,2560.0,0,0.0,2560.0,2560.0,0,0,0,0,0,0.0,0,0.0,2560.0,0,0,0,0,0,0,0.0,0,0.0,2560.0,0,0,2560.0,0,0,0,0,5120.0,16.0,2560.0,2560.0,5120.0,0.0,0.0,0.0,0.0,0.0,0.0,1.0,0.0,0.0,1.0,0.0,0.0,0.0,5440.0,1
320,2684354560.0,2684354560.0,0,0,0,0,0,0,0,0,0,0,0,0,0,0,0,0,0,0,0,0,0,0,0,0,0,0,0,0,0,0,0,0,0,0.0,0.0,0,262144,0,0,1048576,1048576,64,0,0,438,320,2560.0,0,5120.0,1536.0,1792.0,0,0,0,0,0,0.0,0,0.0,2560.0,0,0,0,0,0,0,0.0,0,0.0,2560.0,0,0,2560.0,0,0,0,0,5120.0,16.0,2560.0,2560.0,5120.0,0.0,0.0,0.0,0.0,0.0,0.0,1.0,0.0,0.0,1.0,0.0,0.0,0.0,10560.0,1
320,5368709120.0,0.0,0,0,0,0,0,0,0,0,0,0,0,0,0,0,0,0,0,0,0,0,0,0,0,0,0,0,0,0,0,0,0,0,0,5120.0,0.0,0,262144,0,0,1048576,1048576,64,0,0,438,320,5120.0,0,0.0,5120.0,0.0,0,0,0,0,0,0.0,0,0.0,5120.0,0,0,0,0,0,0,0.0,0,0.0,0.0,0,0,0.0,0,0,0,0,5120.0,16.0,5120.0,0.0,5120.0,0.0,0.0,0.0,0.0,0.0,0.0,1.0,0.0,0.0,1.0,0.0,0.0,0.0,5440.0,1
320,5368709120.0,0.0,0,0,0,0,0,0,0,0,0,0,0,0,0,0,0,0,0,0,0,0,0,0,0,0,0,0,0,0,0,0,0,0,0,0.0,0.0,0,262144,0,0,1048576,1048576,64,0,0,438,320,5120.0,0,5120.0,3072.0,0.0,0,0,0,0,0,0.0,0,0.0,5120.0,0,0,0,0,0,0,0.0,0,0.0,0.0,0,0,0.0,0,0,0,0,5120.0,16.0,5120.0,0.0,5120.0,0.0,0.0,0.0,0.0,0.0,0.0,1.0,0.0,0.0,1.0,0.0,0.0,0.0,10560.0,1
320,0.0,32212254720.0,0,0,0,0,0,0,0,0,0,0,0,0,0,0,0,0,0,0,0,0,0,0,0,0,0,0,0,0,0,0,0,0,0,0.0,1920.0,0,262144,0,0,16777216,16777216,64,0,0,438,320,0.0,0,0.0,0.0,1920.0,0,0,0,0,0,0.0,0,0.0,0.0,0,0,0,0,0,0,1920.0,0,0.0,0.0,0,0,1920.0,0,0,0,0,30720.0,96.0,0.0,1920.0,1920.0,0.0,0.0,0.0,0.0,0.0,0.0,0.0,0.0,1.0,1.0,0.0,0.0,0.0,2240.0,1
320,0.0,32212254720.0,0,0,0,0,0,0,0,0,0,0,0,0,0,0,0,0,0,0,0,0,0,0,0,0,0,0,0,0,0,0,0,0,0,0.0,0.0,0,262144,0,0,16777216,16777216,64,0,0,438,320,0.0,0,1920.0,0.0,1344.0,0,0,0,0,0,0.0,0,0.0,0.0,0,0,0,0,0,0,1920.0,0,0.0,0.0,0,0,1920.0,0,0,0,0,30720.0,96.0,0.0,1920.0,1920.0,0.0,0.0,0.0,0.0,0.0,0.0,0.0,0.0,1.0,1.0,0.0,0.0,0.0,4160.0,1
320,16106127360.0,16106127360.0,0,0,0,0,0,0,0,0,0,0,0,0,0,0,0,0,0,0,0,0,0,0,0,0,0,0,0,0,0,0,0,0,0,960.0,960.0,0,262144,0,0,16777216,16777216,64,0,0,438,320,960.0,0,0.0,960.0,960.0,0,0,0,0,0,960.0,0,0.0,0.0,0,0,0,0,0,0,960.0,0,0.0,0.0,0,0,960.0,0,0,0,0,30720.0,96.0,960.0,960.0,1920.0,0.0,0.0,0.0,0.0,0.0,0.0,0.0,0.0,1.0,1.0,0.0,0.0,0.0,2240.0,1
320,16106127360.0,16106127360.0,0,0,0,0,0,0,0,0,0,0,0,0,0,0,0,0,0,0,0,0,0,0,0,0,0,0,0,0,0,0,0,0,0,0.0,0.0,0,262144,0,0,16777216,16777216,64,0,0,438,320,960.0,0,1920.0,576.0,672.0,0,0,0,0,0,960.0,0,0.0,0.0,0,0,0,0,0,0,960.0,0,0.0,0.0,0,0,960.0,0,0,0,0,30720.0,96.0,960.0,960.0,1920.0,0.0,0.0,0.0,0.0,0.0,0.0,0.0,0.0,1.0,1.0,0.0,0.0,0.0,4160.0,1
320,32212254720.0,0.0,0,0,0,0,0,0,0,0,0,0,0,0,0,0,0,0,0,0,0,0,0,0,0,0,0,0,0,0,0,0,0,0,0,1920.0,0.0,0,262144,0,0,16777216,16777216,64,0,0,438,320,1920.0,0,0.0,1920.0,0.0,0,0,0,0,0,1920.0,0,0.0,0.0,0,0,0,0,0,0,0.0,0,0.0,0.0,0,0,0.0,0,0,0,0,30720.0,96.0,1920.0,0.0,1920.0,0.0,0.0,0.0,0.0,0.0,0.0,0.0,0.0,1.0,1.0,0.0,0.0,0.0,2240.0,1
320,32212254720.0,0.0,0,0,0,0,0,0,0,0,0,0,0,0,0,0,0,0,0,0,0,0,0,0,0,0,0,0,0,0,0,0,0,0,0,0.0,0.0,0,262144,0,0,16777216,16777216,64,0,0,438,320,1920.0,0,1920.0,1152.0,0.0,0,0,0,0,0,1920.0,0,0.0,0.0,0,0,0,0,0,0,0.0,0,0.0,0.0,0,0,0.0,0,0,0,0,30720.0,96.0,1920.0,0.0,1920.0,0.0,0.0,0.0,0.0,0.0,0.0,0.0,0.0,1.0,1.0,0.0,0.0,0.0,4160.0,1
320,0.0,85899345920.0,0,0,0,0,0,0,0,0,0,0,0,0,0,0,0,0,0,0,0,0,0,0,0,0,0,0,0,0,0,0,0,0,0,0.0,5120.0,0,262144,0,0,16777216,16777216,64,0,0,438,320,0.0,0,0.0,0.0,5120.0,0,0,0,0,0,0.0,0,0.0,0.0,0,0,0,0,0,0,5120.0,0,0.0,0.0,0,0,5120.0,0,0,0,0,81920.0,256.0,0.0,5120.0,5120.0,0.0,0.0,0.0,0.0,0.0,0.0,0.0,0.0,1.0,1.0,0.0,0.0,0.0,5440.0,1
320,0.0,85899345920.0,0,0,0,0,0,0,0,0,0,0,0,0,0,0,0,0,0,0,0,0,0,0,0,0,0,0,0,0,0,0,0,0,0,0.0,0.0,0,262144,0,0,16777216,16777216,64,0,0,438,320,0.0,0,5120.0,0.0,3584.0,0,0,0,0,0,0.0,0,0.0,0.0,0,0,0,0,0,0,5120.0,0,0.0,0.0,0,0,5120.0,0,0,0,0,81920.0,256.0,0.0,5120.0,5120.0,0.0,0.0,0.0,0.0,0.0,0.0,0.0,0.0,1.0,1.0,0.0,0.0,0.0,10560.0,1
320,42949672960.0,42949672960.0,0,0,0,0,0,0,0,0,0,0,0,0,0,0,0,0,0,0,0,0,0,0,0,0,0,0,0,0,0,0,0,0,0,2560.0,2560.0,0,262144,0,0,16777216,16777216,64,0,0,438,320,2560.0,0,0.0,2560.0,2560.0,0,0,0,0,0,2560.0,0,0.0,0.0,0,0,0,0,0,0,2560.0,0,0.0,0.0,0,0,2560.0,0,0,0,0,81920.0,256.0,2560.0,2560.0,5120.0,0.0,0.0,0.0,0.0,0.0,0.0,0.0,0.0,1.0,1.0,0.0,0.0,0.0,5440.0,1
320,42949672960.0,42949672960.0,0,0,0,0,0,0,0,0,0,0,0,0,0,0,0,0,0,0,0,0,0,0,0,0,0,0,0,0,0,0,0,0,0,0.0,0.0,0,262144,0,0,16777216,16777216,64,0,0,438,320,2560.0,0,5120.0,1536.0,1792.0,0,0,0,0,0,2560.0,0,0.0,0.0,0,0,0,0,0,0,2560.0,0,0.0,0.0,0,0,2560.0,0,0,0,0,81920.0,256.0,2560.0,2560.0,5120.0,0.0,0.0,0.0,0.0,0.0,0.0,0.0,0.0,1.0,1.0,0.0,0.0,0.0,10560.0,1
320,85899345920.0,0.0,0,0,0,0,0,0,0,0,0,0,0,0,0,0,0,0,0,0,0,0,0,0,0,0,0,0,0,0,0,0,0,0,0,5120.0,0.0,0,262144,0,0,16777216,16777216,64,0,0,438,320,5120.0,0,0.0,5120.0,0.0,0,0,0,0,0,5120.0,0,0.0,0.0,0,0,0,0,0,0,0.0,0,0.0,0.0,0,0,0.0,0,0,0,0,81920.0,256.0,5120.0,0.0,5120.0,0.0,0.0,0.0,0.0,0.0,0.0,0.0,0.0,1.0,1.0,0.0,0.0,0.0,5440.0,1
320,85899345920.0,0.0,0,0,0,0,0,0,0,0,0,0,0,0,0,0,0,0,0,0,0,0,0,0,0,0,0,0,0,0,0,0,0,0,0,0.0,0.0,0,262144,0,0,16777216,16777216,64,0,0,438,320,5120.0,0,5120.0,3072.0,0.0,0,0,0,0,0,5120.0,0,0.0,0.0,0,0,0,0,0,0,0.0,0,0.0,0.0,0,0,0.0,0,0,0,0,81920.0,256.0,5120.0,0.0,5120.0,0.0,0.0,0.0,0.0,0.0,0.0,0.0,0.0,1.0,1.0,0.0,0.0,0.0,10560.0,1
320,0.0,335544320.0,0,0,0,0,0,0,0,0,0,0,0,0,0,0,0,0,0,0,0,0,0,0,0,0,0,0,0,0,0,0,0,0,0,0.0,20.0,0,262144,0,0,16777216,16777216,64,0,0,438,320,0.0,0,0.0,0.0,20.0,0,0,0,0,0,0.0,0,0.0,0.0,0,0,0,0,0,0,20.0,0,0.0,0.0,0,0,20.0,0,0,0,0,320.0,1.0,0.0,20.0,20.0,0.0,0.0,0.0,0.0,0.0,0.0,0.0,0.0,1.0,1.0,0.0,0.0,0.0,340.0,1
320,0.0,335544320.0,0,0,0,0,0,0,0,0,0,0,0,0,0,0,0,0,0,0,0,0,0,0,0,0,0,0,0,0,0,0,0,0,0,0.0,0.0,0,262144,0,0,16777216,16777216,64,0,0,438,320,0.0,0,20.0,0.0,14.0,0,0,0,0,0,0.0,0,0.0,0.0,0,0,0,0,0,0,20.0,0,0.0,0.0,0,0,20.0,0,0,0,0,320.0,1.0,0.0,20.0,20.0,0.0,0.0,0.0,0.0,0.0,0.0,0.0,0.0,1.0,1.0,0.0,0.0,0.0,360.0,1
320,167772160.0,167772160.0,0,0,0,0,0,0,0,0,0,0,0,0,0,0,0,0,0,0,0,0,0,0,0,0,0,0,0,0,0,0,0,0,0,10.0,10.0,0,262144,0,0,16777216,16777216,64,0,0,438,320,10.0,0,0.0,10.0,10.0,0,0,0,0,0,10.0,0,0.0,0.0,0,0,0,0,0,0,10.0,0,0.0,0.0,0,0,10.0,0,0,0,0,320.0,1.0,10.0,10.0,20.0,0.0,0.0,0.0,0.0,0.0,0.0,0.0,0.0,1.0,1.0,0.0,0.0,0.0,340.0,1
320,167772160.0,167772160.0,0,0,0,0,0,0,0,0,0,0,0,0,0,0,0,0,0,0,0,0,0,0,0,0,0,0,0,0,0,0,0,0,0,0.0,0.0,0,262144,0,0,16777216,16777216,64,0,0,438,320,10.0,0,20.0,6.0,7.0,0,0,0,0,0,10.0,0,0.0,0.0,0,0,0,0,0,0,10.0,0,0.0,0.0,0,0,10.0,0,0,0,0,320.0,1.0,10.0,10.0,20.0,0.0,0.0,0.0,0.0,0.0,0.0,0.0,0.0,1.0,1.0,0.0,0.0,0.0,360.0,1
320,335544320.0,0.0,0,0,0,0,0,0,0,0,0,0,0,0,0,0,0,0,0,0,0,0,0,0,0,0,0,0,0,0,0,0,0,0,0,20.0,0.0,0,262144,0,0,16777216,16777216,64,0,0,438,320,20.0,0,0.0,20.0,0.0,0,0,0,0,0,20.0,0,0.0,0.0,0,0,0,0,0,0,0.0,0,0.0,0.0,0,0,0.0,0,0,0,0,320.0,1.0,20.0,0.0,20.0,0.0,0.0,0.0,0.0,0.0,0.0,0.0,0.0,1.0,1.0,0.0,0.0,0.0,340.0,1
320,335544320.0,0.0,0,0,0,0,0,0,0,0,0,0,0,0,0,0,0,0,0,0,0,0,0,0,0,0,0,0,0,0,0,0,0,0,0,0.0,0.0,0,262144,0,0,16777216,16777216,64,0,0,438,320,20.0,0,20.0,12.0,0.0,0,0,0,0,0,20.0,0,0.0,0.0,0,0,0,0,0,0,0.0,0,0.0,0.0,0,0,0.0,0,0,0,0,320.0,1.0,20.0,0.0,20.0,0.0,0.0,0.0,0.0,0.0,0.0,0.0,0.0,1.0,1.0,0.0,0.0,0.0,360.0,1
320,0.0,5368709120.0,0,0,0,0,0,0,0,0,0,0,0,0,0,0,0,0,0,0,0,0,0,0,0,0,0,0,0,0,0,0,0,0,0,0.0,320.0,0,262144,0,0,16777216,16777216,64,0,0,438,320,0.0,0,0.0,0.0,320.0,0,0,0,0,0,0.0,0,0.0,0.0,0,0,0,0,0,0,320.0,0,0.0,0.0,0,0,320.0,0,0,0,0,5120.0,16.0,0.0,320.0,320.0,0.0,0.0,0.0,0.0,0.0,0.0,0.0,0.0,1.0,1.0,0.0,0.0,0.0,640.0,1
320,0.0,5368709120.0,0,0,0,0,0,0,0,0,0,0,0,0,0,0,0,0,0,0,0,0,0,0,0,0,0,0,0,0,0,0,0,0,0,0.0,0.0,0,262144,0,0,16777216,16777216,64,0,0,438,320,0.0,0,320.0,0.0,224.0,0,0,0,0,0,0.0,0,0.0,0.0,0,0,0,0,0,0,320.0,0,0.0,0.0,0,0,320.0,0,0,0,0,5120.0,16.0,0.0,320.0,320.0,0.0,0.0,0.0,0.0,0.0,0.0,0.0,0.0,1.0,1.0,0.0,0.0,0.0,960.0,1
320,2684354560.0,2684354560.0,0,0,0,0,0,0,0,0,0,0,0,0,0,0,0,0,0,0,0,0,0,0,0,0,0,0,0,0,0,0,0,0,0,160.0,160.0,0,262144,0,0,16777216,16777216,64,0,0,438,320,160.0,0,0.0,160.0,160.0,0,0,0,0,0,160.0,0,0.0,0.0,0,0,0,0,0,0,160.0,0,0.0,0.0,0,0,160.0,0,0,0,0,5120.0,16.0,160.0,160.0,320.0,0.0,0.0,0.0,0.0,0.0,0.0,0.0,0.0,1.0,1.0,0.0,0.0,0.0,640.0,1
320,2684354560.0,2684354560.0,0,0,0,0,0,0,0,0,0,0,0,0,0,0,0,0,0,0,0,0,0,0,0,0,0,0,0,0,0,0,0,0,0,0.0,0.0,0,262144,0,0,16777216,16777216,64,0,0,438,320,160.0,0,320.0,96.0,112.0,0,0,0,0,0,160.0,0,0.0,0.0,0,0,0,0,0,0,160.0,0,0.0,0.0,0,0,160.0,0,0,0,0,5120.0,16.0,160.0,160.0,320.0,0.0,0.0,0.0,0.0,0.0,0.0,0.0,0.0,1.0,1.0,0.0,0.0,0.0,960.0,1
320,5368709120.0,0.0,0,0,0,0,0,0,0,0,0,0,0,0,0,0,0,0,0,0,0,0,0,0,0,0,0,0,0,0,0,0,0,0,0,320.0,0.0,0,262144,0,0,16777216,16777216,64,0,0,438,320,320.0,0,0.0,320.0,0.0,0,0,0,0,0,320.0,0,0.0,0.0,0,0,0,0,0,0,0.0,0,0.0,0.0,0,0,0.0,0,0,0,0,5120.0,16.0,320.0,0.0,320.0,0.0,0.0,0.0,0.0,0.0,0.0,0.0,0.0,1.0,1.0,0.0,0.0,0.0,640.0,1
320,5368709120.0,0.0,0,0,0,0,0,0,0,0,0,0,0,0,0,0,0,0,0,0,0,0,0,0,0,0,0,0,0,0,0,0,0,0,0,0.0,0.0,0,262144,0,0,16777216,16777216,64,0,0,438,320,320.0,0,320.0,192.0,0.0,0,0,0,0,0,320.0,0,0.0,0.0,0,0,0,0,0,0,0.0,0,0.0,0.0,0,0,0.0,0,0,0,0,5120.0,16.0,320.0,0.0,320.0,0.0,0.0,0.0,0.0,0.0,0.0,0.0,0.0,1.0,1.0,0.0,0.0,0.0,960.0,1
640,0.0,64424509440.0,0,0,0,0,0,0,0,0,0,0,0,0,0,0,0,0,0,0,0,0,0,0,0,0,0,0,0,0,0,0,0,0,0,0.0,62914560.0,0,262144,0,0,1024,1024,64,0,0,438,640,0.0,0,0.0,0.0,62914560.0,0,0,0,0,0,0.0,0,0.0,0.0,0,0,0,0,0,0,0.0,0,62914560.0,0.0,0,0,62914560.0,0,0,0,0,61440.0,96.0,0.0,62914560.0,62914560.0,0.0,0.0,1.0,0.0,0.0,1.0,0.0,0.0,0.0,0.0,0.0,0.0,0.0,62915200.0,1
640,0.0,64424509440.0,0,0,0,0,0,0,0,0,0,0,0,0,0,0,0,0,0,0,0,0,0,0,0,0,0,0,0,0,0,0,0,0,0,0.0,0.0,0,262144,0,0,1024,1024,64,0,0,438,640,0.0,0,62914560.0,0.0,44040192.0,0,0,0,0,0,0.0,0,0.0,0.0,0,0,0,0,0,0,0.0,0,62914560.0,0.0,0,0,62914560.0,0,0,0,0,61440.0,96.0,0.0,62914560.0,62914560.0,0.0,0.0,1.0,0.0,0.0,1.0,0.0,0.0,0.0,0.0,0.0,0.0,0.0,125829760.0,1
640,32212254720.0,32212254720.0,0,0,0,0,0,0,0,0,0,0,0,0,0,0,0,0,0,0,0,0,0,0,0,0,0,0,0,0,0,0,0,0,0,31457280.0,31457280.0,0,262144,0,0,1024,1024,64,0,0,438,640,31457280.0,0,0.0,31457280.0,31457280.0,0,0,0,0,0,0.0,0,31457280.0,0.0,0,0,0,0,0,0,0.0,0,31457280.0,0.0,0,0,31457280.0,0,0,0,0,61440.0,96.0,31457280.0,31457280.0,62914560.0,0.0,0.0,1.0,0.0,0.0,1.0,0.0,0.0,0.0,0.0,0.0,0.0,0.0,62915200.0,1
640,32212254720.0,32212254720.0,0,0,0,0,0,0,0,0,0,0,0,0,0,0,0,0,0,0,0,0,0,0,0,0,0,0,0,0,0,0,0,0,0,0.0,0.0,0,262144,0,0,1024,1024,64,0,0,438,640,31457280.0,0,62914560.0,18874368.0,22020096.0,0,0,0,0,0,0.0,0,31457280.0,0.0,0,0,0,0,0,0,0.0,0,31457280.0,0.0,0,0,31457280.0,0,0,0,0,61440.0,96.0,31457280.0,31457280.0,62914560.0,0.0,0.0,1.0,0.0,0.0,1.0,0.0,0.0,0.0,0.0,0.0,0.0,0.0,125829760.0,1
640,64424509440.0,0.0,0,0,0,0,0,0,0,0,0,0,0,0,0,0,0,0,0,0,0,0,0,0,0,0,0,0,0,0,0,0,0,0,0,62914560.0,0.0,0,262144,0,0,1024,1024,64,0,0,438,640,62914560.0,0,0.0,62914560.0,0.0,0,0,0,0,0,0.0,0,62914560.0,0.0,0,0,0,0,0,0,0.0,0,0.0,0.0,0,0,0.0,0,0,0,0,61440.0,96.0,62914560.0,0.0,62914560.0,0.0,0.0,1.0,0.0,0.0,1.0,0.0,0.0,0.0,0.0,0.0,0.0,0.0,62915200.0,1
640,64424509440.0,0.0,0,0,0,0,0,0,0,0,0,0,0,0,0,0,0,0,0,0,0,0,0,0,0,0,0,0,0,0,0,0,0,0,0,0.0,0.0,0,262144,0,0,1024,1024,64,0,0,438,640,62914560.0,0,62914560.0,37748736.0,0.0,0,0,0,0,0,0.0,0,62914560.0,0.0,0,0,0,0,0,0,0.0,0,0.0,0.0,0,0,0.0,0,0,0,0,61440.0,96.0,62914560.0,0.0,62914560.0,0.0,0.0,1.0,0.0,0.0,1.0,0.0,0.0,0.0,0.0,0.0,0.0,0.0,125829760.0,1
640,0.0,171798691840.0,0,0,0,0,0,0,0,0,0,0,0,0,0,0,0,0,0,0,0,0,0,0,0,0,0,0,0,0,0,0,0,0,0,0.0,167772160.0,0,262144,0,0,1024,1024,64,0,0,438,640,0.0,0,0.0,0.0,167772160.0,0,0,0,0,0,0.0,0,0.0,0.0,0,0,0,0,0,0,0.0,0,167772160.0,0.0,0,0,167772160.0,0,0,0,0,163840.0,256.0,0.0,167772160.0,167772160.0,0.0,0.0,1.0,0.0,0.0,1.0,0.0,0.0,0.0,0.0,0.0,0.0,0.0,167772800.0,1
640,0.0,171798691840.0,0,0,0,0,0,0,0,0,0,0,0,0,0,0,0,0,0,0,0,0,0,0,0,0,0,0,0,0,0,0,0,0,0,0.0,0.0,0,262144,0,0,1024,1024,64,0,0,438,640,0.0,0,167772160.0,0.0,117440512.0,0,0,0,0,0,0.0,0,0.0,0.0,0,0,0,0,0,0,0.0,0,167772160.0,0.0,0,0,167772160.0,0,0,0,0,163840.0,256.0,0.0,167772160.0,167772160.0,0.0,0.0,1.0,0.0,0.0,1.0,0.0,0.0,0.0,0.0,0.0,0.0,0.0,335544960.0,1
640,85899345920.0,85899345920.0,0,0,0,0,0,0,0,0,0,0,0,0,0,0,0,0,0,0,0,0,0,0,0,0,0,0,0,0,0,0,0,0,0,83886080.0,83886080.0,0,262144,0,0,1024,1024,64,0,0,438,640,83886080.0,0,0.0,83886080.0,83886080.0,0,0,0,0,0,0.0,0,83886080.0,0.0,0,0,0,0,0,0,0.0,0,83886080.0,0.0,0,0,83886080.0,0,0,0,0,163840.0,256.0,83886080.0,83886080.0,167772160.0,0.0,0.0,1.0,0.0,0.0,1.0,0.0,0.0,0.0,0.0,0.0,0.0,0.0,167772800.0,1
640,85899345920.0,85899345920.0,0,0,0,0,0,0,0,0,0,0,0,0,0,0,0,0,0,0,0,0,0,0,0,0,0,0,0,0,0,0,0,0,0,0.0,0.0,0,262144,0,0,1024,1024,64,0,0,438,640,83886080.0,0,167772160.0,50331648.0,58720256.0,0,0,0,0,0,0.0,0,83886080.0,0.0,0,0,0,0,0,0,0.0,0,83886080.0,0.0,0,0,83886080.0,0,0,0,0,163840.0,256.0,83886080.0,83886080.0,167772160.0,0.0,0.0,1.0,0.0,0.0,1.0,0.0,0.0,0.0,0.0,0.0,0.0,0.0,335544960.0,1
640,171798691840.0,0.0,0,0,0,0,0,0,0,0,0,0,0,0,0,0,0,0,0,0,0,0,0,0,0,0,0,0,0,0,0,0,0,0,0,167772160.0,0.0,0,262144,0,0,1024,1024,64,0,0,438,640,167772160.0,0,0.0,167772160.0,0.0,0,0,0,0,0,0.0,0,167772160.0,0.0,0,0,0,0,0,0,0.0,0,0.0,0.0,0,0,0.0,0,0,0,0,163840.0,256.0,167772160.0,0.0,167772160.0,0.0,0.0,1.0,0.0,0.0,1.0,0.0,0.0,0.0,0.0,0.0,0.0,0.0,167772800.0,1
640,171798691840.0,0.0,0,0,0,0,0,0,0,0,0,0,0,0,0,0,0,0,0,0,0,0,0,0,0,0,0,0,0,0,0,0,0,0,0,0.0,0.0,0,262144,0,0,1024,1024,64,0,0,438,640,167772160.0,0,167772160.0,100663296.0,0.0,0,0,0,0,0,0.0,0,167772160.0,0.0,0,0,0,0,0,0,0.0,0,0.0,0.0,0,0,0.0,0,0,0,0,163840.0,256.0,167772160.0,0.0,167772160.0,0.0,0.0,1.0,0.0,0.0,1.0,0.0,0.0,0.0,0.0,0.0,0.0,0.0,335544960.0,1
640,0.0,671088640.0,0,0,0,0,0,0,0,0,0,0,0,0,0,0,0,0,0,0,0,0,0,0,0,0,0,0,0,0,0,0,0,0,0,0.0,655360.0,0,262144,0,0,1024,1024,64,0,0,438,640,0.0,0,0.0,0.0,655360.0,0,0,0,0,0,0.0,0,0.0,0.0,0,0,0,0,0,0,0.0,0,655360.0,0.0,0,0,655360.0,0,0,0,0,640.0,1.0,0.0,655360.0,655360.0,0.0,0.0,1.0,0.0,0.0,1.0,0.0,0.0,0.0,0.0,0.0,0.0,0.0,656000.0,1
640,0.0,671088640.0,0,0,0,0,0,0,0,0,0,0,0,0,0,0,0,0,0,0,0,0,0,0,0,0,0,0,0,0,0,0,0,0,0,0.0,0.0,0,262144,0,0,1024,1024,64,0,0,438,640,0.0,0,655360.0,0.0,458752.0,0,0,0,0,0,0.0,0,0.0,0.0,0,0,0,0,0,0,0.0,0,655360.0,0.0,0,0,655360.0,0,0,0,0,640.0,1.0,0.0,655360.0,655360.0,0.0,0.0,1.0,0.0,0.0,1.0,0.0,0.0,0.0,0.0,0.0,0.0,0.0,1311360.0,1
640,335544320.0,335544320.0,0,0,0,0,0,0,0,0,0,0,0,0,0,0,0,0,0,0,0,0,0,0,0,0,0,0,0,0,0,0,0,0,0,327680.0,327680.0,0,262144,0,0,1024,1024,64,0,0,438,640,327680.0,0,0.0,327680.0,327680.0,0,0,0,0,0,0.0,0,327680.0,0.0,0,0,0,0,0,0,0.0,0,327680.0,0.0,0,0,327680.0,0,0,0,0,640.0,1.0,327680.0,327680.0,655360.0,0.0,0.0,1.0,0.0,0.0,1.0,0.0,0.0,0.0,0.0,0.0,0.0,0.0,656000.0,1
640,335544320.0,335544320.0,0,0,0,0,0,0,0,0,0,0,0,0,0,0,0,0,0,0,0,0,0,0,0,0,0,0,0,0,0,0,0,0,0,0.0,0.0,0,262144,0,0,1024,1024,64,0,0,438,640,327680.0,0,655360.0,196608.0,229376.0,0,0,0,0,0,0.0,0,327680.0,0.0,0,0,0,0,0,0,0.0,0,327680.0,0.0,0,0,327680.0,0,0,0,0,640.0,1.0,327680.0,327680.0,655360.0,0.0,0.0,1.0,0.0,0.0,1.0,0.0,0.0,0.0,0.0,0.0,0.0,0.0,1311360.0,1
640,671088640.0,0.0,0,0,0,0,0,0,0,0,0,0,0,0,0,0,0,0,0,0,0,0,0,0,0,0,0,0,0,0,0,0,0,0,0,655360.0,0.0,0,262144,0,0,1024,1024,64,0,0,438,640,655360.0,0,0.0,655360.0,0.0,0,0,0,0,0,0.0,0,655360.0,0.0,0,0,0,0,0,0,0.0,0,0.0,0.0,0,0,0.0,0,0,0,0,640.0,1.0,655360.0,0.0,655360.0,0.0,0.0,1.0,0.0,0.0,1.0,0.0,0.0,0.0,0.0,0.0,0.0,0.0,656000.0,1
640,671088640.0,0.0,0,0,0,0,0,0,0,0,0,0,0,0,0,0,0,0,0,0,0,0,0,0,0,0,0,0,0,0,0,0,0,0,0,0.0,0.0,0,262144,0,0,1024,1024,64,0,0,438,640,655360.0,0,655360.0,393216.0,0.0,0,0,0,0,0,0.0,0,655360.0,0.0,0,0,0,0,0,0,0.0,0,0.0,0.0,0,0,0.0,0,0,0,0,640.0,1.0,655360.0,0.0,655360.0,0.0,0.0,1.0,0.0,0.0,1.0,0.0,0.0,0.0,0.0,0.0,0.0,0.0,1311360.0,1
640,0.0,10737418240.0,0,0,0,0,0,0,0,0,0,0,0,0,0,0,0,0,0,0,0,0,0,0,0,0,0,0,0,0,0,0,0,0,0,0.0,10485760.0,0,262144,0,0,1024,1024,64,0,0,438,640,0.0,0,0.0,0.0,10485760.0,0,0,0,0,0,0.0,0,0.0,0.0,0,0,0,0,0,0,0.0,0,10485760.0,0.0,0,0,10485760.0,0,0,0,0,10240.0,16.0,0.0,10485760.0,10485760.0,0.0,0.0,1.0,0.0,0.0,1.0,0.0,0.0,0.0,0.0,0.0,0.0,0.0,10486400.0,1
640,0.0,10737418240.0,0,0,0,0,0,0,0,0,0,0,0,0,0,0,0,0,0,0,0,0,0,0,0,0,0,0,0,0,0,0,0,0,0,0.0,0.0,0,262144,0,0,1024,1024,64,0,0,438,640,0.0,0,10485760.0,0.0,7340032.0,0,0,0,0,0,0.0,0,0.0,0.0,0,0,0,0,0,0,0.0,0,10485760.0,0.0,0,0,10485760.0,0,0,0,0,10240.0,16.0,0.0,10485760.0,10485760.0,0.0,0.0,1.0,0.0,0.0,1.0,0.0,0.0,0.0,0.0,0.0,0.0,0.0,20972160.0,1
640,5368709120.0,5368709120.0,0,0,0,0,0,0,0,0,0,0,0,0,0,0,0,0,0,0,0,0,0,0,0,0,0,0,0,0,0,0,0,0,0,5242880.0,5242880.0,0,262144,0,0,1024,1024,64,0,0,438,640,5242880.0,0,0.0,5242880.0,5242880.0,0,0,0,0,0,0.0,0,5242880.0,0.0,0,0,0,0,0,0,0.0,0,5242880.0,0.0,0,0,5242880.0,0,0,0,0,10240.0,16.0,5242880.0,5242880.0,10485760.0,0.0,0.0,1.0,0.0,0.0,1.0,0.0,0.0,0.0,0.0,0.0,0.0,0.0,10486400.0,1
640,5368709120.0,5368709120.0,0,0,0,0,0,0,0,0,0,0,0,0,0,0,0,0,0,0,0,0,0,0,0,0,0,0,0,0,0,0,0,0,0,0.0,0.0,0,262144,0,0,1024,1024,64,0,0,438,640,5242880.0,0,10485760.0,3145728.0,3670016.0,0,0,0,0,0,0.0,0,5242880.0,0.0,0,0,0,0,0,0,0.0,0,5242880.0,0.0,0,0,5242880.0,0,0,0,0,10240.0,16.0,5242880.0,5242880.0,10485760.0,0.0,0.0,1.0,0.0,0.0,1.0,0.0,0.0,0.0,0.0,0.0,0.0,0.0,20972160.0,1
640,10737418240.0,0.0,0,0,0,0,0,0,0,0,0,0,0,0,0,0,0,0,0,0,0,0,0,0,0,0,0,0,0,0,0,0,0,0,0,10485760.0,0.0,0,262144,0,0,1024,1024,64,0,0,438,640,10485760.0,0,0.0,10485760.0,0.0,0,0,0,0,0,0.0,0,10485760.0,0.0,0,0,0,0,0,0,0.0,0,0.0,0.0,0,0,0.0,0,0,0,0,10240.0,16.0,10485760.0,0.0,10485760.0,0.0,0.0,1.0,0.0,0.0,1.0,0.0,0.0,0.0,0.0,0.0,0.0,0.0,10486400.0,1
640,10737418240.0,0.0,0,0,0,0,0,0,0,0,0,0,0,0,0,0,0,0,0,0,0,0,0,0,0,0,0,0,0,0,0,0,0,0,0,0.0,0.0,0,262144,0,0,1024,1024,64,0,0,438,640,10485760.0,0,10485760.0,6291456.0,0.0,0,0,0,0,0,0.0,0,10485760.0,0.0,0,0,0,0,0,0,0.0,0,0.0,0.0,0,0,0.0,0,0,0,0,10240.0,16.0,10485760.0,0.0,10485760.0,0.0,0.0,1.0,0.0,0.0,1.0,0.0,0.0,0.0,0.0,0.0,0.0,0.0,20972160.0,1
640,0.0,64424509440.0,0,0,0,0,0,0,0,0,0,0,0,0,0,0,0,0,0,0,0,0,0,0,0,0,0,0,0,0,0,0,0,0,0,0.0,61440.0,0,262144,0,0,1048576,1048576,64,0,0,438,640,0.0,0,0.0,0.0,61440.0,0,0,0,0,0,0.0,0,0.0,0.0,0,0,0,0,0,0,0.0,0,0.0,61440.0,0,0,61440.0,0,0,0,0,61440.0,96.0,0.0,61440.0,61440.0,0.0,0.0,0.0,0.0,0.0,0.0,1.0,0.0,0.0,1.0,0.0,0.0,0.0,62080.0,1
640,0.0,64424509440.0,0,0,0,0,0,0,0,0,0,0,0,0,0,0,0,0,0,0,0,0,0,0,0,0,0,0,0,0,0,0,0,0,0,0.0,0.0,0,262144,0,0,1048576,1048576,64,0,0,438,640,0.0,0,61440.0,0.0,43008.0,0,0,0,0,0,0.0,0,0.0,0.0,0,0,0,0,0,0,0.0,0,0.0,61440.0,0,0,61440.0,0,0,0,0,61440.0,96.0,0.0,61440.0,61440.0,0.0,0.0,0.0,0.0,0.0,0.0,1.0,0.0,0.0,1.0,0.0,0.0,0.0,123520.0,1
640,32212254720.0,32212254720.0,0,0,0,0,0,0,0,0,0,0,0,0,0,0,0,0,0,0,0,0,0,0,0,0,0,0,0,0,0,0,0,0,0,30720.0,30720.0,0,262144,0,0,1048576,1048576,64,0,0,438,640,30720.0,0,0.0,30720.0,30720.0,0,0,0,0,0,0.0,0,0.0,30720.0,0,0,0,0,0,0,0.0,0,0.0,30720.0,0,0,30720.0,0,0,0,0,61440.0,96.0,30720.0,30720.0,61440.0,0.0,0.0,0.0,0.0,0.0,0.0,1.0,0.0,0.0,1.0,0.0,0.0,0.0,62080.0,1
640,32212254720.0,32212254720.0,0,0,0,0,0,0,0,0,0,0,0,0,0,0,0,0,0,0,0,0,0,0,0,0,0,0,0,0,0,0,0,0,0,0.0,0.0,0,262144,0,0,1048576,1048576,64,0,0,438,640,30720.0,0,61440.0,18432.0,21504.0,0,0,0,0,0,0.0,0,0.0,30720.0,0,0,0,0,0,0,0.0,0,0.0,30720.0,0,0,30720.0,0,0,0,0,61440.0,96.0,30720.0,30720.0,61440.0,0.0,0.0,0.0,0.0,0.0,0.0,1.0,0.0,0.0,1.0,0.0,0.0,0.0,123520.0,1
640,64424509440.0,0.0,0,0,0,0,0,0,0,0,0,0,0,0,0,0,0,0,0,0,0,0,0,0,0,0,0,0,0,0,0,0,0,0,0,61440.0,0.0,0,262144,0,0,1048576,1048576,64,0,0,438,640,61440.0,0,0.0,61440.0,0.0,0,0,0,0,0,0.0,0,0.0,61440.0,0,0,0,0,0,0,0.0,0,0.0,0.0,0,0,0.0,0,0,0,0,61440.0,96.0,61440.0,0.0,61440.0,0.0,0.0,0.0,0.0,0.0,0.0,1.0,0.0,0.0,1.0,0.0,0.0,0.0,62080.0,1
640,64424509440.0,0.0,0,0,0,0,0,0,0,0,0,0,0,0,0,0,0,0,0,0,0,0,0,0,0,0,0,0,0,0,0,0,0,0,0,0.0,0.0,0,262144,0,0,1048576,1048576,64,0,0,438,640,61440.0,0,61440.0,36864.0,0.0,0,0,0,0,0,0.0,0,0.0,61440.0,0,0,0,0,0,0,0.0,0,0.0,0.0,0,0,0.0,0,0,0,0,61440.0,96.0,61440.0,0.0,61440.0,0.0,0.0,0.0,0.0,0.0,0.0,1.0,0.0,0.0,1.0,0.0,0.0,0.0,123520.0,1
640,0.0,171798691840.0,0,0,0,0,0,0,0,0,0,0,0,0,0,0,0,0,0,0,0,0,0,0,0,0,0,0,0,0,0,0,0,0,0,0.0,163840.0,0,262144,0,0,1048576,1048576,64,0,0,438,640,0.0,0,0.0,0.0,163840.0,0,0,0,0,0,0.0,0,0.0,0.0,0,0,0,0,0,0,0.0,0,0.0,163840.0,0,0,163840.0,0,0,0,0,163840.0,256.0,0.0,163840.0,163840.0,0.0,0.0,0.0,0.0,0.0,0.0,1.0,0.0,0.0,1.0,0.0,0.0,0.0,164480.0,1
640,0.0,171798691840.0,0,0,0,0,0,0,0,0,0,0,0,0,0,0,0,0,0,0,0,0,0,0,0,0,0,0,0,0,0,0,0,0,0,0.0,0.0,0,262144,0,0,1048576,1048576,64,0,0,438,640,0.0,0,163840.0,0.0,114688.0,0,0,0,0,0,0.0,0,0.0,0.0,0,0,0,0,0,0,0.0,0,0.0,163840.0,0,0,163840.0,0,0,0,0,163840.0,256.0,0.0,163840.0,163840.0,0.0,0.0,0.0,0.0,0.0,0.0,1.0,0.0,0.0,1.0,0.0,0.0,0.0,328320.0,1
640,85899345920.0,85899345920.0,0,0,0,0,0,0,0,0,0,0,0,0,0,0,0,0,0,0,0,0,0,0,0,0,0,0,0,0,0,0,0,0,0,81920.0,81920.0,0,262144,0,0,1048576,1048576,64,0,0,438,640,81920.0,0,0.0,81920.0,81920.0,0,0,0,0,0,0.0,0,0.0,81920.0,0,0,0,0,0,0,0.0,0,0.0,81920.0,0,0,81920.0,0,0,0,0,163840.0,256.0,81920.0,81920.0,163840.0,0.0,0.0,0.0,0.0,0.0,0.0,1.0,0.0,0.0,1.0,0.0,0.0,0.0,164480.0,1
640,85899345920.0,85899345920.0,0,0,0,0,0,0,0,0,0,0,0,0,0,0,0,0,0,0,0,0,0,0,0,0,0,0,0,0,0,0,0,0,0,0.0,0.0,0,262144,0,0,1048576,1048576,64,0,0,438,640,81920.0,0,163840.0,49152.0,57344.0,0,0,0,0,0,0.0,0,0.0,81920.0,0,0,0,0,0,0,0.0,0,0.0,81920.0,0,0,81920.0,0,0,0,0,163840.0,256.0,81920.0,81920.0,163840.0,0.0,0.0,0.0,0.0,0.0,0.0,1.0,0.0,0.0,1.0,0.0,0.0,0.0,328320.0,1
640,171798691840.0,0.0,0,0,0,0,0,0,0,0,0,0,0,0,0,0,0,0,0,0,0,0,0,0,0,0,0,0,0,0,0,0,0,0,0,163840.0,0.0,0,262144,0,0,1048576,1048576,64,0,0,438,640,163840.0,0,0.0,163840.0,0.0,0,0,0,0,0,0.0,0,0.0,163840.0,0,0,0,0,0,0,0.0,0,0.0,0.0,0,0,0.0,0,0,0,0,163840.0,256.0,163840.0,0.0,163840.0,0.0,0.0,0.0,0.0,0.0,0.0,1.0,0.0,0.0,1.0,0.0,0.0,0.0,164480.0,1
640,171798691840.0,0.0,0,0,0,0,0,0,0,0,0,0,0,0,0,0,0,0,0,0,0,0,0,0,0,0,0,0,0,0,0,0,0,0,0,0.0,0.0,0,262144,0,0,1048576,1048576,64,0,0,438,640,163840.0,0,163840.0,98304.0,0.0,0,0,0,0,0,0.0,0,0.0,163840.0,0,0,0,0,0,0,0.0,0,0.0,0.0,0,0,0.0,0,0,0,0,163840.0,256.0,163840.0,0.0,163840.0,0.0,0.0,0.0,0.0,0.0,0.0,1.0,0.0,0.0,1.0,0.0,0.0,0.0,328320.0,1
640,0.0,671088640.0,0,0,0,0,0,0,0,0,0,0,0,0,0,0,0,0,0,0,0,0,0,0,0,0,0,0,0,0,0,0,0,0,0,0.0,640.0,0,262144,0,0,1048576,1048576,64,0,0,438,640,0.0,0,0.0,0.0,640.0,0,0,0,0,0,0.0,0,0.0,0.0,0,0,0,0,0,0,0.0,0,0.0,640.0,0,0,640.0,0,0,0,0,640.0,1.0,0.0,640.0,640.0,0.0,0.0,0.0,0.0,0.0,0.0,1.0,0.0,0.0,1.0,0.0,0.0,0.0,1280.0,1
640,0.0,671088640.0,0,0,0,0,0,0,0,0,0,0,0,0,0,0,0,0,0,0,0,0,0,0,0,0,0,0,0,0,0,0,0,0,0,0.0,0.0,0,262144,0,0,1048576,1048576,64,0,0,438,640,0.0,0,640.0,0.0,448.0,0,0,0,0,0,0.0,0,0.0,0.0,0,0,0,0,0,0,0.0,0,0.0,640.0,0,0,640.0,0,0,0,0,640.0,1.0,0.0,640.0,640.0,0.0,0.0,0.0,0.0,0.0,0.0,1.0,0.0,0.0,1.0,0.0,0.0,0.0,1920.0,1
640,335544320.0,335544320.0,0,0,0,0,0,0,0,0,0,0,0,0,0,0,0,0,0,0,0,0,0,0,0,0,0,0,0,0,0,0,0,0,0,320.0,320.0,0,262144,0,0,1048576,1048576,64,0,0,438,640,320.0,0,0.0,320.0,320.0,0,0,0,0,0,0.0,0,0.0,320.0,0,0,0,0,0,0,0.0,0,0.0,320.0,0,0,320.0,0,0,0,0,640.0,1.0,320.0,320.0,640.0,0.0,0.0,0.0,0.0,0.0,0.0,1.0,0.0,0.0,1.0,0.0,0.0,0.0,1280.0,1
640,335544320.0,335544320.0,0,0,0,0,0,0,0,0,0,0,0,0,0,0,0,0,0,0,0,0,0,0,0,0,0,0,0,0,0,0,0,0,0,0.0,0.0,0,262144,0,0,1048576,1048576,64,0,0,438,640,320.0,0,640.0,192.0,224.0,0,0,0,0,0,0.0,0,0.0,320.0,0,0,0,0,0,0,0.0,0,0.0,320.0,0,0,320.0,0,0,0,0,640.0,1.0,320.0,320.0,640.0,0.0,0.0,0.0,0.0,0.0,0.0,1.0,0.0,0.0,1.0,0.0,0.0,0.0,1920.0,1
640,671088640.0,0.0,0,0,0,0,0,0,0,0,0,0,0,0,0,0,0,0,0,0,0,0,0,0,0,0,0,0,0,0,0,0,0,0,0,640.0,0.0,0,262144,0,0,1048576,1048576,64,0,0,438,640,640.0,0,0.0,640.0,0.0,0,0,0,0,0,0.0,0,0.0,640.0,0,0,0,0,0,0,0.0,0,0.0,0.0,0,0,0.0,0,0,0,0,640.0,1.0,640.0,0.0,640.0,0.0,0.0,0.0,0.0,0.0,0.0,1.0,0.0,0.0,1.0,0.0,0.0,0.0,1280.0,1
640,671088640.0,0.0,0,0,0,0,0,0,0,0,0,0,0,0,0,0,0,0,0,0,0,0,0,0,0,0,0,0,0,0,0,0,0,0,0,0.0,0.0,0,262144,0,0,1048576,1048576,64,0,0,438,640,640.0,0,640.0,384.0,0.0,0,0,0,0,0,0.0,0,0.0,640.0,0,0,0,0,0,0,0.0,0,0.0,0.0,0,0,0.0,0,0,0,0,640.0,1.0,640.0,0.0,640.0,0.0,0.0,0.0,0.0,0.0,0.0,1.0,0.0,0.0,1.0,0.0,0.0,0.0,1920.0,1
640,0.0,10737418240.0,0,0,0,0,0,0,0,0,0,0,0,0,0,0,0,0,0,0,0,0,0,0,0,0,0,0,0,0,0,0,0,0,0,0.0,10240.0,0,262144,0,0,1048576,1048576,64,0,0,438,640,0.0,0,0.0,0.0,10240.0,0,0,0,0,0,0.0,0,0.0,0.0,0,0,0,0,0,0,0.0,0,0.0,10240.0,0,0,10240.0,0,0,0,0,10240.0,16.0,0.0,10240.0,10240.0,0.0,0.0,0.0,0.0,0.0,0.0,1.0,0.0,0.0,1.0,0.0,0.0,0.0,10880.0,1
640,0.0,10737418240.0,0,0,0,0,0,0,0,0,0,0,0,0,0,0,0,0,0,0,0,0,0,0,0,0,0,0,0,0,0,0,0,0,0,0.0,0.0,0,262144,0,0,1048576,1048576,64,0,0,438,640,0.0,0,10240.0,0.0,7168.0,0,0,0,0,0,0.0,0,0.0,0.0,0,0,0,0,0,0,0.0,0,0.0,10240.0,0,0,10240.0,0,0,0,0,10240.0,16.0,0.0,10240.0,10240.0,0.0,0.0,0.0,0.0,0.0,0.0,1.0,0.0,0.0,1.0,0.0,0.0,0.0,21120.0,1
640,5368709120.0,5368709120.0,0,0,0,0,0,0,0,0,0,0,0,0,0,0,0,0,0,0,0,0,0,0,0,0,0,0,0,0,0,0,0,0,0,5120.0,5120.0,0,262144,0,0,1048576,1048576,64,0,0,438,640,5120.0,0,0.0,5120.0,5120.0,0,0,0,0,0,0.0,0,0.0,5120.0,0,0,0,0,0,0,0.0,0,0.0,5120.0,0,0,5120.0,0,0,0,0,10240.0,16.0,5120.0,5120.0,10240.0,0.0,0.0,0.0,0.0,0.0,0.0,1.0,0.0,0.0,1.0,0.0,0.0,0.0,10880.0,1
640,5368709120.0,5368709120.0,0,0,0,0,0,0,0,0,0,0,0,0,0,0,0,0,0,0,0,0,0,0,0,0,0,0,0,0,0,0,0,0,0,0.0,0.0,0,262144,0,0,1048576,1048576,64,0,0,438,640,5120.0,0,10240.0,3072.0,3584.0,0,0,0,0,0,0.0,0,0.0,5120.0,0,0,0,0,0,0,0.0,0,0.0,5120.0,0,0,5120.0,0,0,0,0,10240.0,16.0,5120.0,5120.0,10240.0,0.0,0.0,0.0,0.0,0.0,0.0,1.0,0.0,0.0,1.0,0.0,0.0,0.0,21120.0,1
640,10737418240.0,0.0,0,0,0,0,0,0,0,0,0,0,0,0,0,0,0,0,0,0,0,0,0,0,0,0,0,0,0,0,0,0,0,0,0,10240.0,0.0,0,262144,0,0,1048576,1048576,64,0,0,438,640,10240.0,0,0.0,10240.0,0.0,0,0,0,0,0,0.0,0,0.0,10240.0,0,0,0,0,0,0,0.0,0,0.0,0.0,0,0,0.0,0,0,0,0,10240.0,16.0,10240.0,0.0,10240.0,0.0,0.0,0.0,0.0,0.0,0.0,1.0,0.0,0.0,1.0,0.0,0.0,0.0,10880.0,1
640,10737418240.0,0.0,0,0,0,0,0,0,0,0,0,0,0,0,0,0,0,0,0,0,0,0,0,0,0,0,0,0,0,0,0,0,0,0,0,0.0,0.0,0,262144,0,0,1048576,1048576,64,0,0,438,640,10240.0,0,10240.0,6144.0,0.0,0,0,0,0,0,0.0,0,0.0,10240.0,0,0,0,0,0,0,0.0,0,0.0,0.0,0,0,0.0,0,0,0,0,10240.0,16.0,10240.0,0.0,10240.0,0.0,0.0,0.0,0.0,0.0,0.0,1.0,0.0,0.0,1.0,0.0,0.0,0.0,21120.0,1
640,0.0,64424509440.0,0,0,0,0,0,0,0,0,0,0,0,0,0,0,0,0,0,0,0,0,0,0,0,0,0,0,0,0,0,0,0,0,0,0.0,3840.0,0,262144,0,0,16777216,16777216,64,0,0,438,640,0.0,0,0.0,0.0,3840.0,0,0,0,0,0,0.0,0,0.0,0.0,0,0,0,0,0,0,3840.0,0,0.0,0.0,0,0,3840.0,0,0,0,0,61440.0,96.0,0.0,3840.0,3840.0,0.0,0.0,0.0,0.0,0.0,0.0,0.0,0.0,1.0,1.0,0.0,0.0,0.0,4480.0,1
640,0.0,64424509440.0,0,0,0,0,0,0,0,0,0,0,0,0,0,0,0,0,0,0,0,0,0,0,0,0,0,0,0,0,0,0,0,0,0,0.0,0.0,0,262144,0,0,16777216,16777216,64,0,0,438,640,0.0,0,3840.0,0.0,2688.0,0,0,0,0,0,0.0,0,0.0,0.0,0,0,0,0,0,0,3840.0,0,0.0,0.0,0,0,3840.0,0,0,0,0,61440.0,96.0,0.0,3840.0,3840.0,0.0,0.0,0.0,0.0,0.0,0.0,0.0,0.0,1.0,1.0,0.0,0.0,0.0,8320.0,1
640,32212254720.0,32212254720.0,0,0,0,0,0,0,0,0,0,0,0,0,0,0,0,0,0,0,0,0,0,0,0,0,0,0,0,0,0,0,0,0,0,1920.0,1920.0,0,262144,0,0,16777216,16777216,64,0,0,438,640,1920.0,0,0.0,1920.0,1920.0,0,0,0,0,0,1920.0,0,0.0,0.0,0,0,0,0,0,0,1920.0,0,0.0,0.0,0,0,1920.0,0,0,0,0,61440.0,96.0,1920.0,1920.0,3840.0,0.0,0.0,0.0,0.0,0.0,0.0,0.0,0.0,1.0,1.0,0.0,0.0,0.0,4480.0,1
640,32212254720.0,32212254720.0,0,0,0,0,0,0,0,0,0,0,0,0,0,0,0,0,0,0,0,0,0,0,0,0,0,0,0,0,0,0,0,0,0,0.0,0.0,0,262144,0,0,16777216,16777216,64,0,0,438,640,1920.0,0,3840.0,1152.0,1344.0,0,0,0,0,0,1920.0,0,0.0,0.0,0,0,0,0,0,0,1920.0,0,0.0,0.0,0,0,1920.0,0,0,0,0,61440.0,96.0,1920.0,1920.0,3840.0,0.0,0.0,0.0,0.0,0.0,0.0,0.0,0.0,1.0,1.0,0.0,0.0,0.0,8320.0,1
640,64424509440.0,0.0,0,0,0,0,0,0,0,0,0,0,0,0,0,0,0,0,0,0,0,0,0,0,0,0,0,0,0,0,0,0,0,0,0,3840.0,0.0,0,262144,0,0,16777216,16777216,64,0,0,438,640,3840.0,0,0.0,3840.0,0.0,0,0,0,0,0,3840.0,0,0.0,0.0,0,0,0,0,0,0,0.0,0,0.0,0.0,0,0,0.0,0,0,0,0,61440.0,96.0,3840.0,0.0,3840.0,0.0,0.0,0.0,0.0,0.0,0.0,0.0,0.0,1.0,1.0,0.0,0.0,0.0,4480.0,1
640,64424509440.0,0.0,0,0,0,0,0,0,0,0,0,0,0,0,0,0,0,0,0,0,0,0,0,0,0,0,0,0,0,0,0,0,0,0,0,0.0,0.0,0,262144,0,0,16777216,16777216,64,0,0,438,640,3840.0,0,3840.0,2304.0,0.0,0,0,0,0,0,3840.0,0,0.0,0.0,0,0,0,0,0,0,0.0,0,0.0,0.0,0,0,0.0,0,0,0,0,61440.0,96.0,3840.0,0.0,3840.0,0.0,0.0,0.0,0.0,0.0,0.0,0.0,0.0,1.0,1.0,0.0,0.0,0.0,8320.0,1
640,0.0,171798691840.0,0,0,0,0,0,0,0,0,0,0,0,0,0,0,0,0,0,0,0,0,0,0,0,0,0,0,0,0,0,0,0,0,0,0.0,10240.0,0,262144,0,0,16777216,16777216,64,0,0,438,640,0.0,0,0.0,0.0,10240.0,0,0,0,0,0,0.0,0,0.0,0.0,0,0,0,0,0,0,10240.0,0,0.0,0.0,0,0,10240.0,0,0,0,0,163840.0,256.0,0.0,10240.0,10240.0,0.0,0.0,0.0,0.0,0.0,0.0,0.0,0.0,1.0,1.0,0.0,0.0,0.0,10880.0,1
640,0.0,171798691840.0,0,0,0,0,0,0,0,0,0,0,0,0,0,0,0,0,0,0,0,0,0,0,0,0,0,0,0,0,0,0,0,0,0,0.0,0.0,0,262144,0,0,16777216,16777216,64,0,0,438,640,0.0,0,10240.0,0.0,7168.0,0,0,0,0,0,0.0,0,0.0,0.0,0,0,0,0,0,0,10240.0,0,0.0,0.0,0,0,10240.0,0,0,0,0,163840.0,256.0,0.0,10240.0,10240.0,0.0,0.0,0.0,0.0,0.0,0.0,0.0,0.0,1.0,1.0,0.0,0.0,0.0,21120.0,1
640,85899345920.0,85899345920.0,0,0,0,0,0,0,0,0,0,0,0,0,0,0,0,0,0,0,0,0,0,0,0,0,0,0,0,0,0,0,0,0,0,5120.0,5120.0,0,262144,0,0,16777216,16777216,64,0,0,438,640,5120.0,0,0.0,5120.0,5120.0,0,0,0,0,0,5120.0,0,0.0,0.0,0,0,0,0,0,0,5120.0,0,0.0,0.0,0,0,5120.0,0,0,0,0,163840.0,256.0,5120.0,5120.0,10240.0,0.0,0.0,0.0,0.0,0.0,0.0,0.0,0.0,1.0,1.0,0.0,0.0,0.0,10880.0,1
640,85899345920.0,85899345920.0,0,0,0,0,0,0,0,0,0,0,0,0,0,0,0,0,0,0,0,0,0,0,0,0,0,0,0,0,0,0,0,0,0,0.0,0.0,0,262144,0,0,16777216,16777216,64,0,0,438,640,5120.0,0,10240.0,3072.0,3584.0,0,0,0,0,0,5120.0,0,0.0,0.0,0,0,0,0,0,0,5120.0,0,0.0,0.0,0,0,5120.0,0,0,0,0,163840.0,256.0,5120.0,5120.0,10240.0,0.0,0.0,0.0,0.0,0.0,0.0,0.0,0.0,1.0,1.0,0.0,0.0,0.0,21120.0,1
640,171798691840.0,0.0,0,0,0,0,0,0,0,0,0,0,0,0,0,0,0,0,0,0,0,0,0,0,0,0,0,0,0,0,0,0,0,0,0,10240.0,0.0,0,262144,0,0,16777216,16777216,64,0,0,438,640,10240.0,0,0.0,10240.0,0.0,0,0,0,0,0,10240.0,0,0.0,0.0,0,0,0,0,0,0,0.0,0,0.0,0.0,0,0,0.0,0,0,0,0,163840.0,256.0,10240.0,0.0,10240.0,0.0,0.0,0.0,0.0,0.0,0.0,0.0,0.0,1.0,1.0,0.0,0.0,0.0,10880.0,1
640,171798691840.0,0.0,0,0,0,0,0,0,0,0,0,0,0,0,0,0,0,0,0,0,0,0,0,0,0,0,0,0,0,0,0,0,0,0,0,0.0,0.0,0,262144,0,0,16777216,16777216,64,0,0,438,640,10240.0,0,10240.0,6144.0,0.0,0,0,0,0,0,10240.0,0,0.0,0.0,0,0,0,0,0,0,0.0,0,0.0,0.0,0,0,0.0,0,0,0,0,163840.0,256.0,10240.0,0.0,10240.0,0.0,0.0,0.0,0.0,0.0,0.0,0.0,0.0,1.0,1.0,0.0,0.0,0.0,21120.0,1
640,0.0,671088640.0,0,0,0,0,0,0,0,0,0,0,0,0,0,0,0,0,0,0,0,0,0,0,0,0,0,0,0,0,0,0,0,0,0,0.0,40.0,0,262144,0,0,16777216,16777216,64,0,0,438,640,0.0,0,0.0,0.0,40.0,0,0,0,0,0,0.0,0,0.0,0.0,0,0,0,0,0,0,40.0,0,0.0,0.0,0,0,40.0,0,0,0,0,640.0,1.0,0.0,40.0,40.0,0.0,0.0,0.0,0.0,0.0,0.0,0.0,0.0,1.0,1.0,0.0,0.0,0.0,680.0,1
640,0.0,671088640.0,0,0,0,0,0,0,0,0,0,0,0,0,0,0,0,0,0,0,0,0,0,0,0,0,0,0,0,0,0,0,0,0,0,0.0,0.0,0,262144,0,0,16777216,16777216,64,0,0,438,640,0.0,0,40.0,0.0,28.0,0,0,0,0,0,0.0,0,0.0,0.0,0,0,0,0,0,0,40.0,0,0.0,0.0,0,0,40.0,0,0,0,0,640.0,1.0,0.0,40.0,40.0,0.0,0.0,0.0,0.0,0.0,0.0,0.0,0.0,1.0,1.0,0.0,0.0,0.0,720.0,1
640,335544320.0,335544320.0,0,0,0,0,0,0,0,0,0,0,0,0,0,0,0,0,0,0,0,0,0,0,0,0,0,0,0,0,0,0,0,0,0,20.0,20.0,0,262144,0,0,16777216,16777216,64,0,0,438,640,20.0,0,0.0,20.0,20.0,0,0,0,0,0,20.0,0,0.0,0.0,0,0,0,0,0,0,20.0,0,0.0,0.0,0,0,20.0,0,0,0,0,640.0,1.0,20.0,20.0,40.0,0.0,0.0,0.0,0.0,0.0,0.0,0.0,0.0,1.0,1.0,0.0,0.0,0.0,680.0,1
640,335544320.0,335544320.0,0,0,0,0,0,0,0,0,0,0,0,0,0,0,0,0,0,0,0,0,0,0,0,0,0,0,0,0,0,0,0,0,0,0.0,0.0,0,262144,0,0,16777216,16777216,64,0,0,438,640,20.0,0,40.0,12.0,14.0,0,0,0,0,0,20.0,0,0.0,0.0,0,0,0,0,0,0,20.0,0,0.0,0.0,0,0,20.0,0,0,0,0,640.0,1.0,20.0,20.0,40.0,0.0,0.0,0.0,0.0,0.0,0.0,0.0,0.0,1.0,1.0,0.0,0.0,0.0,720.0,1
640,671088640.0,0.0,0,0,0,0,0,0,0,0,0,0,0,0,0,0,0,0,0,0,0,0,0,0,0,0,0,0,0,0,0,0,0,0,0,40.0,0.0,0,262144,0,0,16777216,16777216,64,0,0,438,640,40.0,0,0.0,40.0,0.0,0,0,0,0,0,40.0,0,0.0,0.0,0,0,0,0,0,0,0.0,0,0.0,0.0,0,0,0.0,0,0,0,0,640.0,1.0,40.0,0.0,40.0,0.0,0.0,0.0,0.0,0.0,0.0,0.0,0.0,1.0,1.0,0.0,0.0,0.0,680.0,1
640,671088640.0,0.0,0,0,0,0,0,0,0,0,0,0,0,0,0,0,0,0,0,0,0,0,0,0,0,0,0,0,0,0,0,0,0,0,0,0.0,0.0,0,262144,0,0,16777216,16777216,64,0,0,438,640,40.0,0,40.0,24.0,0.0,0,0,0,0,0,40.0,0,0.0,0.0,0,0,0,0,0,0,0.0,0,0.0,0.0,0,0,0.0,0,0,0,0,640.0,1.0,40.0,0.0,40.0,0.0,0.0,0.0,0.0,0.0,0.0,0.0,0.0,1.0,1.0,0.0,0.0,0.0,720.0,1
640,0.0,10737418240.0,0,0,0,0,0,0,0,0,0,0,0,0,0,0,0,0,0,0,0,0,0,0,0,0,0,0,0,0,0,0,0,0,0,0.0,640.0,0,262144,0,0,16777216,16777216,64,0,0,438,640,0.0,0,0.0,0.0,640.0,0,0,0,0,0,0.0,0,0.0,0.0,0,0,0,0,0,0,640.0,0,0.0,0.0,0,0,640.0,0,0,0,0,10240.0,16.0,0.0,640.0,640.0,0.0,0.0,0.0,0.0,0.0,0.0,0.0,0.0,1.0,1.0,0.0,0.0,0.0,1280.0,1
640,0.0,10737418240.0,0,0,0,0,0,0,0,0,0,0,0,0,0,0,0,0,0,0,0,0,0,0,0,0,0,0,0,0,0,0,0,0,0,0.0,0.0,0,262144,0,0,16777216,16777216,64,0,0,438,640,0.0,0,640.0,0.0,448.0,0,0,0,0,0,0.0,0,0.0,0.0,0,0,0,0,0,0,640.0,0,0.0,0.0,0,0,640.0,0,0,0,0,10240.0,16.0,0.0,640.0,640.0,0.0,0.0,0.0,0.0,0.0,0.0,0.0,0.0,1.0,1.0,0.0,0.0,0.0,1920.0,1
640,5368709120.0,5368709120.0,0,0,0,0,0,0,0,0,0,0,0,0,0,0,0,0,0,0,0,0,0,0,0,0,0,0,0,0,0,0,0,0,0,320.0,320.0,0,262144,0,0,16777216,16777216,64,0,0,438,640,320.0,0,0.0,320.0,320.0,0,0,0,0,0,320.0,0,0.0,0.0,0,0,0,0,0,0,320.0,0,0.0,0.0,0,0,320.0,0,0,0,0,10240.0,16.0,320.0,320.0,640.0,0.0,0.0,0.0,0.0,0.0,0.0,0.0,0.0,1.0,1.0,0.0,0.0,0.0,1280.0,1
640,5368709120.0,5368709120.0,0,0,0,0,0,0,0,0,0,0,0,0,0,0,0,0,0,0,0,0,0,0,0,0,0,0,0,0,0,0,0,0,0,0.0,0.0,0,262144,0,0,16777216,16777216,64,0,0,438,640,320.0,0,640.0,192.0,224.0,0,0,0,0,0,320.0,0,0.0,0.0,0,0,0,0,0,0,320.0,0,0.0,0.0,0,0,320.0,0,0,0,0,10240.0,16.0,320.0,320.0,640.0,0.0,0.0,0.0,0.0,0.0,0.0,0.0,0.0,1.0,1.0,0.0,0.0,0.0,1920.0,1
640,10737418240.0,0.0,0,0,0,0,0,0,0,0,0,0,0,0,0,0,0,0,0,0,0,0,0,0,0,0,0,0,0,0,0,0,0,0,0,640.0,0.0,0,262144,0,0,16777216,16777216,64,0,0,438,640,640.0,0,0.0,640.0,0.0,0,0,0,0,0,640.0,0,0.0,0.0,0,0,0,0,0,0,0.0,0,0.0,0.0,0,0,0.0,0,0,0,0,10240.0,16.0,640.0,0.0,640.0,0.0,0.0,0.0,0.0,0.0,0.0,0.0,0.0,1.0,1.0,0.0,0.0,0.0,1280.0,1
640,10737418240.0,0.0,0,0,0,0,0,0,0,0,0,0,0,0,0,0,0,0,0,0,0,0,0,0,0,0,0,0,0,0,0,0,0,0,0,0.0,0.0,0,262144,0,0,16777216,16777216,64,0,0,438,640,640.0,0,640.0,384.0,0.0,0,0,0,0,0,640.0,0,0.0,0.0,0,0,0,0,0,0,0.0,0,0.0,0.0,0,0,0.0,0,0,0,0,10240.0,16.0,640.0,0.0,640.0,0.0,0.0,0.0,0.0,0.0,0.0,0.0,0.0,1.0,1.0,0.0,0.0,0.0,1920.0,1
